"","url","is_listing_deleted","brand","modele","address_particulier","address_pro","name_pro","Année","Carrosserie","Energie","Kilométrage","Nb de portes","Nombre de places","Prix","Puissance fiscale","Puissance réelle","Transmission","Consommation mixte","Emissions de CO2","Garantie mécanique","V1"
"1","https://www.paruvendu.fr/a/voiture-occasion/bmw/serie-4/1227859286A1KVVOBMS4",0,"BMW occasion","Série 4","","
385 avenue Guillaume du Vair La Pioline13546 AIX EN PROVENCE
","
BMW Bayern Aix
","Mai 2017
Assurance auto : Comparez","Berline","Diesel","14 000
km","4 portes avec hayon","5
places","46 900 €","15
CV","258
Ch","Automatique",NA,NA,NA,NA
"2","https://www.paruvendu.fr/a/voiture-occasion/bmw/serie-3/1223915240A1KVVOBMS3",0,"BMW occasion","Série 3","","
385 avenue Guillaume du Vair La Pioline13546 AIX EN PROVENCE
","
BMW Bayern Aix
","Décembre 2017
Assurance auto : Comparez","Break","Diesel","8 000
km","4 portes avec hayon","5
places","47 900 €","10
CV","190
Ch","Automatique",NA,NA,NA,NA
"3","https://www.paruvendu.fr/a/voiture-occasion/audi/a6/1219728334A1KVVOAUA6",0,"Audi occasion","A6","","
13 rue Chappe Boulevard de l'Ouest59650 VILLENEUVE D'ASCQ
","
AUDI Premium Métropole
","Mai 2017
Assurance auto : Comparez","Berline","Diesel","15 000
km","4 portes","5
places","55 900 €","16
CV","272
Ch","Automatique",NA,NA,NA,NA
"4","https://www.paruvendu.fr/a/voiture-occasion/bmw/serie-3/1228491984A1KVVOBMS3",0,"BMW occasion","Série 3","","
385 avenue Guillaume du Vair La Pioline13546 AIX EN PROVENCE
","
BMW Bayern Aix
","Septembre 2017
Assurance auto : Comparez","Break","Diesel","5 000
km","4 portes avec hayon","5
places","56 900 €","10
CV","190
Ch","Automatique",NA,NA,NA,NA
"5","https://www.paruvendu.fr/a/voiture-occasion/audi/a5/1228974837A1KVVOAUA5",0,"Audi occasion","A5","","
13 rue Chappe Boulevard de l'Ouest59650 VILLENEUVE D'ASCQ
","
AUDI Premium Métropole
","Juin 2018
Assurance auto : Comparez","Berline","Diesel","50
km","4 portes avec hayon","4
places","62 400 €","16
CV","272
Ch","Automatique",NA,NA,NA,NA
"6","https://www.paruvendu.fr/a/voiture-occasion/audi/a7/1228974835A1KVVOAUA7",0,"Audi occasion","A7","","
13 rue Chappe Boulevard de l'Ouest59650 VILLENEUVE D'ASCQ
","
AUDI Premium Métropole
","Juin 2018
Assurance auto : Comparez","Berline","Diesel","50
km","4 portes avec hayon","5
places","69 900 €","21
CV","320
Ch","Automatique",NA,NA,NA,NA
"7","https://www.paruvendu.fr/a/voiture-occasion/audi/a6/1228755794A1KVVOAUA6",0,"Audi occasion","A6","","
13 rue Chappe Boulevard de l'Ouest59650 VILLENEUVE D'ASCQ
","
AUDI Premium Métropole
","Juillet 2018
Assurance auto : Comparez","Berline","Diesel","6 000
km","4 portes","5
places","70 900 €","13
CV","231
Ch","Automatique",NA,NA,NA,NA
"8","https://www.paruvendu.fr/a/voiture-occasion/bmw/x5/1228851114A1KVVOBMX5",0,"BMW occasion","X5","","
385 avenue Guillaume du Vair La Pioline13546 AIX EN PROVENCE
","
BMW Bayern Aix
","2018
Assurance auto : Comparez","4x4 - SUV","Diesel","100
km","4 portes avec hayon","5
places","74 900 €","16
CV","258
Ch","Automatique",NA,NA,NA,NA
"9","https://www.paruvendu.fr/a/voiture-occasion/audi/a7/1227145437A1KVVOAUA7",0,"Audi occasion","A7","","
13 rue Chappe Boulevard de l'Ouest59650 VILLENEUVE D'ASCQ
","
AUDI Premium Métropole
","Mai 2018
Assurance auto : Comparez","Coupé","Diesel","9 500
km","4 portes","5
places","95 900 €","18
CV","286
Ch","Automatique",NA,NA,NA,NA
"10","https://www.paruvendu.fr/a/voiture-occasion/bmw/m4/1226263080A1KVVOBMM4",0,"BMW occasion","M4","","
385 avenue Guillaume du Vair La Pioline13546 AIX EN PROVENCE
","
BMW Bayern Aix
","Mars 2018
Assurance auto : Comparez","Coupé","Essence","3 900
km","2 portes","4
places","99 900 €","32
CV","431
Ch","Automatique","8.3
litres / 100 km","194
g/km",NA,NA
"11","https://www.paruvendu.fr/a/voiture-occasion/ford/fiesta/1229902740A1KVVOFOFIE",0,"Ford occasion","Fiesta","","
13 rue des Ardennes21000 Dijon
","
PRIMOCAR DIJON
","Février 2008
Assurance auto : Comparez","Berline","Diesel","112 896
km","4 portes avec hayon","5
places","4 999 €","4
CV","68
Ch","Manuelle",NA,"119
g/km","PRIMO 3 MOIS",NA
"12","https://www.paruvendu.fr/a/voiture-occasion/renault/clio/1229904164A1KVVORECLI",1,NA,NA,NA,NA,NA,NA,NA,NA,NA,NA,NA,NA,NA,NA,NA,NA,NA,NA,NA
"13","https://www.paruvendu.fr/a/voiture-occasion/peugeot/208/1227690794A1KVVOPE208",0,"Peugeot occasion","208","","
2 rue Gay Lussac BP 54360000 BEAUVAIS
","
PEUGEOT ABCIS Picardie Beauvais
","Octobre 2015
Assurance auto : Comparez","Véhicule de société","Diesel","88 209
km","4 portes avec hayon","2
places","7 490 €","5
CV","99
Ch","Manuelle",NA,NA,NA,NA
"14","https://www.paruvendu.fr/a/voiture-occasion/renault/twingo/1229904167A1KVVORETWI",0,"Renault occasion","Twingo","","
1797 rue d'Armenti?res BP 2959850 NIEPPE
","
RENAULT Garage de la Lys Nieppe
","Juin 2015
Assurance auto : Comparez","Berline","Essence","32 174
km","4 portes avec hayon","4
places","9 490 €","4
CV","90
Ch","Manuelle",NA,NA,NA,NA
"15","https://www.paruvendu.fr/a/voiture-occasion/toyota/verso/1228901002A1KVVOTOVER",0,"Toyota occasion","Verso","","
2 rue Gay Lussac BP 54360000 BEAUVAIS
","
PEUGEOT ABCIS Picardie Beauvais
","Mars 2011
Assurance auto : Comparez","Monospace","Diesel","101 541
km","4 portes avec hayon","5
places","8 900 €","7
CV","126
Ch","Manuelle",NA,NA,NA,NA
"16","https://www.paruvendu.fr/a/voiture-occasion/renault/clio/1229907346A1KVVORECLI",0,"Renault occasion","Clio","","
30 RUE MONTELS L EGLISE34970 France
","
OXYLIO
","2016
Assurance auto : Comparez","Berline","Diesel","44 328
km","4 portes avec hayon",NA,"9 970 €",NA,NA,"Manuelle",NA,NA,"7 mois",NA
"17","https://www.paruvendu.fr/a/voiture-occasion/renault/clio/1229904168A1KVVORECLI",0,"Renault occasion","Clio","","
1797 rue d'Armenti?res BP 2959850 NIEPPE
","
RENAULT Garage de la Lys Nieppe
","Décembre 2015
Assurance auto : Comparez","Berline","Diesel","38 156
km","4 portes avec hayon","5
places","10 490 €","4
CV","75
Ch","Manuelle",NA,NA,NA,NA
"18","https://www.paruvendu.fr/a/voiture-occasion/renault/clio/1229907341A1KVVORECLI",0,"Renault occasion","Clio","","
30 RUE MONTELS L EGLISE34970 France
","
OXYLIO
","2017
Assurance auto : Comparez","Berline","Diesel","28 845
km","4 portes avec hayon",NA,"10 870 €",NA,NA,"Manuelle",NA,NA,"12 mois",NA
"19","https://www.paruvendu.fr/a/voiture-occasion/peugeot/partner/1228974728A1KVVOPEPAR",0,"Peugeot occasion","Partner","","
2 rue Gay Lussac BP 54360000 BEAUVAIS
","
PEUGEOT ABCIS Picardie Beauvais
","Juillet 2015
Assurance auto : Comparez","Véhicule de société","Diesel","49 658
km","2 portes avec hayon","3
places","10 490 €","5
CV","75
Ch","Manuelle",NA,NA,NA,NA
"20","https://www.paruvendu.fr/a/voiture-occasion/renault/clio/1229904166A1KVVORECLI",0,"Renault occasion","Clio","","
1797 rue d'Armenti?res BP 2959850 NIEPPE
","
RENAULT Garage de la Lys Nieppe
","Mars 2015
Assurance auto : Comparez","Berline","Diesel","49 066
km","4 portes avec hayon","5
places","10 990 €","4
CV","75
Ch","Manuelle",NA,NA,NA,NA
"21","https://www.paruvendu.fr/a/voiture-occasion/peugeot/208/1229907343A1KVVOPE208",0,"Peugeot occasion","208","","
30 RUE MONTELS L EGLISE34970 France
","
OXYLIO
","2018
Assurance auto : Comparez","Berline","Diesel","11 482
km","4 portes avec hayon",NA,"12 290 €",NA,NA,"Manuelle",NA,NA,"16 mois",NA
"22","https://www.paruvendu.fr/a/voiture-occasion/renault/scenic/1229904163A1KVVORESCE",1,NA,NA,NA,NA,NA,NA,NA,NA,NA,NA,NA,NA,NA,NA,NA,NA,NA,NA,NA
"23","https://www.paruvendu.fr/a/voiture-occasion/renault/grand-scenic-iii/1228513974A1KVVOREGS3",0,"Renault occasion","Grand Scénic III","","
2 rue Gay Lussac BP 54360000 BEAUVAIS
","
PEUGEOT ABCIS Picardie Beauvais
","Mars 2013
Assurance auto : Comparez","Monospace","Diesel","70 494
km","4 portes avec hayon","7
places","11 900 €","6
CV","110
Ch","Manuelle","4.1
litres / 100 km","105
g/km",NA,NA
"24","https://www.paruvendu.fr/a/voiture-occasion/renault/clio/1229904172A1KVVORECLI",0,"Renault occasion","Clio","","
1797 rue d'Armenti?res BP 2959850 NIEPPE
","
RENAULT Garage de la Lys Nieppe
","Décembre 2017
Assurance auto : Comparez","Berline","Essence","8 865
km","4 portes avec hayon","5
places","12 990 €","5
CV","90
Ch","Manuelle",NA,NA,NA,NA
"25","https://www.paruvendu.fr/a/voiture-occasion/renault/laguna-iii/1229907338A1KVVORELA3",0,"Renault occasion","Laguna III","","
30 RUE MONTELS L EGLISE34970 France
","
OXYLIO
","2015
Assurance auto : Comparez","Berline","Diesel","26 306
km","4 portes avec hayon",NA,"13 490 €",NA,NA,"Manuelle",NA,NA,"6 mois",NA
"26","https://www.paruvendu.fr/a/voiture-occasion/renault/scenic/1229904161A1KVVORESCE",0,"Renault occasion","Scénic","","
1797 rue d'Armenti?res BP 2959850 NIEPPE
","
RENAULT Garage de la Lys Nieppe
","Octobre 2013
Assurance auto : Comparez","Monospace","Diesel","62 164
km","4 portes avec hayon","5
places","13 490 €","7
CV","130
Ch","Manuelle",NA,NA,NA,NA
"27","https://www.paruvendu.fr/a/voiture-occasion/audi/a1/1229617277A1KVVOAUA1",0,"Audi occasion","A1","","
86 avenue de Cournon63170 AUBI?RE
","
AUDI Sport Concept
","Décembre 2014
Assurance auto : Comparez","Berline","Diesel","61 670
km","4 portes avec hayon","5
places","13 495 €","4
CV","90
Ch","Manuelle",NA,NA,NA,NA
"28","https://www.paruvendu.fr/a/voiture-occasion/audi/a1/1229617288A1KVVOAUA1",0,"Audi occasion","A1","","
86 avenue de Cournon63170 AUBI?RE
","
AUDI Sport Concept
","Avril 2015
Assurance auto : Comparez","Berline","Diesel","54 558
km","4 portes avec hayon","5
places","14 495 €","4
CV","90
Ch","Manuelle",NA,NA,NA,NA
"29","https://www.paruvendu.fr/a/voiture-occasion/peugeot/3008/1229789201A1KVVOPE3M8",0,"Peugeot occasion","3008","","
2 rue Gay Lussac BP 54360000 BEAUVAIS
","
PEUGEOT ABCIS Picardie Beauvais
","Juillet 2014
Assurance auto : Comparez","4x4 - SUV","Diesel","54 468
km","4 portes avec hayon","5
places","15 490 €","6
CV","115
Ch","Automatique",NA,NA,NA,NA
"30","https://www.paruvendu.fr/a/voiture-occasion/audi/a3/1229617279A1KVVOAUA3",0,"Audi occasion","A3","","
86 avenue de Cournon63170 AUBI?RE
","
AUDI Sport Concept
","Février 2015
Assurance auto : Comparez","Berline","Diesel","74 051
km","4 portes avec hayon","5
places","16 495 €","5
CV","110
Ch","Manuelle",NA,NA,NA,NA
"31","https://www.paruvendu.fr/a/voiture-occasion/audi/a4/1229617297A1KVVOAUA4",0,"Audi occasion","A4","","
86 avenue de Cournon63170 AUBI?RE
","
AUDI Sport Concept
","Avril 2015
Assurance auto : Comparez","Break","Diesel","125 440
km","4 portes avec hayon","5
places","17 495 €","8
CV","150
Ch","Automatique",NA,NA,NA,NA
"32","https://www.paruvendu.fr/a/voiture-occasion/peugeot/508/1229789208A1KVVOPE508",0,"Peugeot occasion","508","","
2 rue Gay Lussac BP 54360000 BEAUVAIS
","
PEUGEOT ABCIS Picardie Beauvais
","Avril 2016
Assurance auto : Comparez","Berline","Diesel","81 930
km","4 portes","5
places","18 900 €","9
CV","181
Ch","Automatique",NA,NA,NA,NA
"33","https://www.paruvendu.fr/a/voiture-occasion/peugeot/5008/1228974729A1KVVOPE5M8",0,"Peugeot occasion","5008","","
2 rue Gay Lussac BP 54360000 BEAUVAIS
","
PEUGEOT ABCIS Picardie Beauvais
","Février 2016
Assurance auto : Comparez","Monospace","Diesel","81 108
km","4 portes avec hayon","5
places","17 900 €","6
CV","120
Ch","Automatique",NA,NA,NA,NA
"34","https://www.paruvendu.fr/a/voiture-occasion/jeep/renegade/1229789215A1KVVOJEREN",1,NA,NA,NA,NA,NA,NA,NA,NA,NA,NA,NA,NA,NA,NA,NA,NA,NA,NA,NA
"35","https://www.paruvendu.fr/a/voiture-occasion/peugeot/308/1229907336A1KVVOPE308",0,"Peugeot occasion","308","","
30 RUE MONTELS L EGLISE34970 France
","
OXYLIO
","2018
Assurance auto : Comparez","Break","Diesel","13 314
km","4 portes avec hayon",NA,"22 490 €",NA,NA,"Automatique",NA,NA,"20 mois",NA
"36","https://www.paruvendu.fr/a/voiture-occasion/audi/q3/1229617296A1KVVOAUQ3",0,"Audi occasion","Q3","","
86 avenue de Cournon63170 AUBI?RE
","
AUDI Sport Concept
","Mai 2015
Assurance auto : Comparez","4x4 - SUV","Diesel","124 631
km","4 portes avec hayon","5
places","22 495 €","8
CV","150
Ch","Automatique",NA,NA,NA,NA
"37","https://www.paruvendu.fr/a/voiture-occasion/nissan/qashqai/1229907344A1KVVONIQAS",0,"Nissan occasion","Qashqai","","
30 RUE MONTELS L EGLISE34970 France
","
OXYLIO
","2018
Assurance auto : Comparez","Break","Essence","10
km","4 portes avec hayon",NA,"23 470 €",NA,NA,"Manuelle",NA,NA,"34 mois",NA
"38","https://www.paruvendu.fr/a/voiture-occasion/renault/megane/1229904171A1KVVOREMEG",0,"Renault occasion","Mégane","","
1797 rue d'Armenti?res BP 2959850 NIEPPE
","
RENAULT Garage de la Lys Nieppe
","Février 2017
Assurance auto : Comparez","Break","Diesel","22 949
km","4 portes avec hayon","5
places","23 990 €","9
CV","165
Ch","Automatique","4.7
litres / 100 km","124
g/km",NA,NA
"39","https://www.paruvendu.fr/a/voiture-occasion/bmw/serie-3/1229617252A1KVVOBMS3",0,"BMW occasion","Série 3","","
86 avenue de Cournon63170 AUBI?RE
","
AUDI Sport Concept
","Juin 2012
Assurance auto : Comparez","Coupé","Diesel","45 726
km","2 portes","4
places","23 995 €","14
CV","245
Ch","Manuelle",NA,NA,NA,NA
"40","https://www.paruvendu.fr/a/voiture-occasion/audi/a4/1228269730A1KVVOAUA4",0,"Audi occasion","A4","","
86 avenue de Cournon63170 AUBI?RE
","
AUDI Sport Concept
","Décembre 2017
Assurance auto : Comparez","Break","Essence","17 294
km","4 portes avec hayon","5
places","32 995 €","8
CV","150
Ch","Manuelle",NA,NA,NA,NA
"41","https://www.paruvendu.fr/a/voiture-occasion/audi/a6/1229904375A1KVVOAUA6",0,"Audi occasion","A6","","
86 avenue de Cournon63170 AUBI?RE
","
AUDI Sport Concept
","Juillet 2015
Assurance auto : Comparez","Break","Diesel","44 687
km","4 portes avec hayon","5
places","38 495 €","16
CV","272
Ch","Automatique",NA,NA,NA,NA
"42","https://www.paruvendu.fr/a/voiture-occasion/audi/a6/1229904377A1KVVOAUA6",0,"Audi occasion","A6","","
86 avenue de Cournon63170 AUBI?RE
","
AUDI Sport Concept
","Janvier 2017
Assurance auto : Comparez","Break","Diesel","29 974
km","4 portes avec hayon","5
places","43 995 €","12
CV","218
Ch","Automatique",NA,NA,NA,NA
"43","https://www.paruvendu.fr/a/voiture-occasion/renault/twingo/1227173801A1KVVORETWI",0,"Renault occasion","Twingo","","
211 Chaussée de Bruxelles07500 TOURNAI, BELGIQUE
","
AUDI VOLKSWAGEN Premium Motors Tournai
","2014
Assurance auto : Comparez","Berline","Essence","44 205
km","2 portes avec hayon","4
places","6 490 €","4
CV","75
Ch","Manuelle",NA,NA,NA,NA
"44","https://www.paruvendu.fr/a/voiture-occasion/seat/leon/1228289252A1KVVOSELEO",0,"Seat occasion","Leon","","
211 Chaussée de Bruxelles07500 TOURNAI, BELGIQUE
","
AUDI VOLKSWAGEN Premium Motors Tournai
","2011
Assurance auto : Comparez","Berline","Diesel","122 244
km","4 portes avec hayon","5
places","8 990 €","5
CV","105
Ch","Manuelle",NA,NA,NA,NA
"45","https://www.paruvendu.fr/a/voiture-occasion/peugeot/208/1229904251A1KVVOPE208",0,"Peugeot occasion","208","","
11 route nationale BP 2741260 LA-CHAUSSEE-SAINT-VICTOR
","
PEUGEOT Beauciel Automobiles Blois
","Mai 2012
Assurance auto : Comparez","Berline","Diesel","76 540
km","4 portes avec hayon","5
places","8 999 €","5
CV","92
Ch","Manuelle",NA,NA,NA,NA
"46","https://www.paruvendu.fr/a/voiture-occasion/peugeot/208/1229790176A1KVVOPE208",0,"Peugeot occasion","208","","
11 route nationale BP 2741260 LA-CHAUSSEE-SAINT-VICTOR
","
PEUGEOT Beauciel Automobiles Blois
","Septembre 2014
Assurance auto : Comparez","Berline","Diesel","89 789
km","4 portes avec hayon","5
places","8 999 €","4
CV","68
Ch","Manuelle",NA,NA,NA,NA
"47","https://www.paruvendu.fr/a/voiture-occasion/citroen/c4/1229005651A1KVVOCIC4",0,"Citroën occasion","C4","","
6 avenue Ars?ne d'Arsonval CENORD01000 BOURG EN BRESSE
","
CITROEN SADAL Bourg En Bresse
","Avril 2016
Assurance auto : Comparez","Berline","Diesel","112 342
km","4 portes avec hayon","5
places","10 290 €","5
CV","99
Ch","Manuelle",NA,NA,NA,NA
"48","https://www.paruvendu.fr/a/voiture-occasion/peugeot/108/1228975752A1KVVOPE108",0,"Peugeot occasion","108","","
11 route nationale BP 2741260 LA-CHAUSSEE-SAINT-VICTOR
","
PEUGEOT Beauciel Automobiles Blois
","Avril 2017
Assurance auto : Comparez","Berline","Essence","8 897
km","4 portes avec hayon","4
places","10 399 €","4
CV","69
Ch","Manuelle",NA,NA,NA,NA
"49","https://www.paruvendu.fr/a/voiture-occasion/citroen/c4/1228113662A1KVVOCIC4",0,"Citroën occasion","C4","","
6 avenue Ars?ne d'Arsonval CENORD01000 BOURG EN BRESSE
","
CITROEN SADAL Bourg En Bresse
","Décembre 2016
Assurance auto : Comparez","Berline","Diesel","52 434
km","4 portes avec hayon","5
places","10 990 €","5
CV","99
Ch","Manuelle",NA,NA,NA,NA
"50","https://www.paruvendu.fr/a/voiture-occasion/citroen/c4/1228113661A1KVVOCIC4",0,"Citroën occasion","C4","","
6 avenue Ars?ne d'Arsonval CENORD01000 BOURG EN BRESSE
","
CITROEN SADAL Bourg En Bresse
","Décembre 2016
Assurance auto : Comparez","Berline","Diesel","52 741
km","4 portes avec hayon","5
places","10 990 €","5
CV","99
Ch","Manuelle",NA,NA,NA,NA
"51","https://www.paruvendu.fr/a/voiture-occasion/citroen/c4/1228113660A1KVVOCIC4",0,"Citroën occasion","C4","","
6 avenue Ars?ne d'Arsonval CENORD01000 BOURG EN BRESSE
","
CITROEN SADAL Bourg En Bresse
","Décembre 2016
Assurance auto : Comparez","Berline","Diesel","51 533
km","4 portes avec hayon","5
places","10 990 €","5
CV","99
Ch","Manuelle",NA,NA,NA,NA
"52","https://www.paruvendu.fr/a/voiture-occasion/volkswagen/golf/1228974822A1KVVOVWGOL",0,"Volkswagen occasion","Golf","","
211 Chaussée de Bruxelles07500 TOURNAI, BELGIQUE
","
AUDI VOLKSWAGEN Premium Motors Tournai
","2012
Assurance auto : Comparez","Berline","Diesel","70 138
km","4 portes avec hayon","5
places","11 490 €","6
CV","105
Ch","Automatique",NA,NA,NA,NA
"53","https://www.paruvendu.fr/a/voiture-occasion/citroen/c3/1228492002A1KVVOCIC3",0,"Citroën occasion","C3","","
6 avenue Ars?ne d'Arsonval CENORD01000 BOURG EN BRESSE
","
CITROEN SADAL Bourg En Bresse
","Mars 2017
Assurance auto : Comparez","Berline","Diesel","21 430
km","4 portes avec hayon","5
places","11 790 €","4
CV","75
Ch","Manuelle",NA,NA,NA,NA
"54","https://www.paruvendu.fr/a/voiture-occasion/peugeot/208/1229907381A1KVVOPE208",0,"Peugeot occasion","208","","
25 ROUTE NATIONALE 11330620 France
","
SAS OXYLIO NIMES
","2018
Assurance auto : Comparez","Berline","Essence","10
km","4 portes avec hayon",NA,"12 470 €",NA,NA,"Manuelle",NA,NA,"23 mois",NA
"55","https://www.paruvendu.fr/a/voiture-occasion/opel/insignia/1228776541A1KVVOOPINS",0,"Opel occasion","Insignia","","
11 route nationale BP 2741260 LA-CHAUSSEE-SAINT-VICTOR
","
PEUGEOT Beauciel Automobiles Blois
","Juin 2012
Assurance auto : Comparez","Break","Diesel","95 836
km","4 portes avec hayon","5
places","12 499 €","9
CV","160
Ch","Automatique","5.9
litres / 100 km","155
g/km",NA,NA
"56","https://www.paruvendu.fr/a/voiture-occasion/mini/cooper/1228181654A1KVVOMCCOO",0,"Mini occasion","Cooper","","
11 route nationale BP 2741260 LA-CHAUSSEE-SAINT-VICTOR
","
PEUGEOT Beauciel Automobiles Blois
","Janvier 2012
Assurance auto : Comparez","Coupé","Essence","65 500
km","2 portes avec hayon","2
places","12 999 €","10
CV","184
Ch","Manuelle",NA,NA,NA,NA
"57","https://www.paruvendu.fr/a/voiture-occasion/peugeot/208/1229254730A1KVVOPE208",0,"Peugeot occasion","208","","
6 avenue Ars?ne d'Arsonval CENORD01000 BOURG EN BRESSE
","
CITROEN SADAL Bourg En Bresse
","Mai 2017
Assurance auto : Comparez","Berline","Essence","6 705
km","4 portes avec hayon","5
places","13 290 €","4
CV","82
Ch","Manuelle",NA,NA,NA,NA
"58","https://www.paruvendu.fr/a/voiture-occasion/renault/captur/1228678175A1KVVORECAP",0,"Renault occasion","Captur","","
11 route nationale BP 2741260 LA-CHAUSSEE-SAINT-VICTOR
","
PEUGEOT Beauciel Automobiles Blois
","Octobre 2015
Assurance auto : Comparez","4x4 - SUV","Diesel","49 058
km","4 portes avec hayon","5
places","13 599 €","5
CV","90
Ch","Automatique",NA,NA,NA,NA
"59","https://www.paruvendu.fr/a/voiture-occasion/opel/astra/1227365719A1KVVOOPAST",0,"Opel occasion","Astra","","
211 Chaussée de Bruxelles07500 TOURNAI, BELGIQUE
","
AUDI VOLKSWAGEN Premium Motors Tournai
","2015
Assurance auto : Comparez","Berline","Diesel","45 082
km","2 portes avec hayon","5
places","14 490 €","6
CV","110
Ch","Manuelle",NA,NA,NA,NA
"60","https://www.paruvendu.fr/a/voiture-occasion/citroen/divers/1220079066A1KVVOCIZZZ",0,"Citroën occasion"," , Diesel, 2017, 15500 &euro;","","
6 avenue Ars?ne d'Arsonval CENORD01000 BOURG EN BRESSE
","
CITROEN SADAL Bourg En Bresse
","Juin 2017
Assurance auto : Comparez","Berline","Diesel","10 000
km","2 portes",NA,"15 500 €","5
CV",NA,"Manuelle",NA,NA,NA,NA
"61","https://www.paruvendu.fr/a/voiture-occasion/bmw/x1/1229346650A1KVVOBMX1",0,"BMW occasion","X1","","
211 Chaussée de Bruxelles07500 TOURNAI, BELGIQUE
","
AUDI VOLKSWAGEN Premium Motors Tournai
","2013
Assurance auto : Comparez","4x4 - SUV","Diesel","111 708
km","4 portes avec hayon","5
places","15 990 €","8
CV","163
Ch","Manuelle",NA,NA,NA,NA
"62","https://www.paruvendu.fr/a/voiture-occasion/peugeot/208/1229904254A1KVVOPE208",1,NA,NA,NA,NA,NA,NA,NA,NA,NA,NA,NA,NA,NA,NA,NA,NA,NA,NA,NA
"63","https://www.paruvendu.fr/a/voiture-occasion/citroen/c4-cactus/1228308571A1KVVOCI4C",0,"Citroën occasion","C4 cactus","","
6 avenue Ars?ne d'Arsonval CENORD01000 BOURG EN BRESSE
","
CITROEN SADAL Bourg En Bresse
","Novembre 2017
Assurance auto : Comparez","Berline","Essence","10 674
km","4 portes avec hayon","5
places","16 790 €","5
CV","110
Ch","Manuelle",NA,NA,NA,NA
"64","https://www.paruvendu.fr/a/voiture-occasion/renault/kadjar/1228492001A1KVVOREKAD",0,"Renault occasion","Kadjar","","
6 avenue Ars?ne d'Arsonval CENORD01000 BOURG EN BRESSE
","
CITROEN SADAL Bourg En Bresse
","Août 2015
Assurance auto : Comparez","4x4 - SUV","Diesel","35 875
km","4 portes avec hayon","5
places","16 990 €","5
CV","110
Ch","Manuelle",NA,NA,NA,NA
"65","https://www.paruvendu.fr/a/voiture-occasion/peugeot/508/1229907382A1KVVOPE508",1,NA,NA,NA,NA,NA,NA,NA,NA,NA,NA,NA,NA,NA,NA,NA,NA,NA,NA,NA
"66","https://www.paruvendu.fr/a/voiture-occasion/mini/cooper/1227036032A1KVVOMCCOO",0,"Mini occasion","Cooper","","
211 Chaussée de Bruxelles07500 TOURNAI, BELGIQUE
","
AUDI VOLKSWAGEN Premium Motors Tournai
","2017
Assurance auto : Comparez","Berline","Essence","24 789
km","4 portes avec hayon","5
places","20 990 €","7
CV","136
Ch","Manuelle",NA,NA,NA,NA
"67","https://www.paruvendu.fr/a/voiture-occasion/peugeot/308/1229907383A1KVVOPE308",0,"Peugeot occasion","308","","
25 ROUTE NATIONALE 11330620 France
","
SAS OXYLIO NIMES
","2018
Assurance auto : Comparez","Berline","Diesel","2 110
km","4 portes avec hayon",NA,"22 470 €",NA,NA,"Automatique",NA,NA,"18 mois",NA
"68","https://www.paruvendu.fr/a/voiture-occasion/peugeot/5008/1229907385A1KVVOPE5M8",0,"Peugeot occasion","5008","","
25 ROUTE NATIONALE 11330620 France
","
SAS OXYLIO NIMES
","2017
Assurance auto : Comparez","Break","Diesel","28 464
km","4 portes avec hayon",NA,"27 970 €",NA,NA,"Automatique",NA,NA,"11 mois",NA
"69","https://www.paruvendu.fr/a/voiture-occasion/citroen/spacetourer/1227716562A1KVVOCISPA",0,"Citroën occasion","Spacetourer","","
6 avenue Ars?ne d'Arsonval CENORD01000 BOURG EN BRESSE
","
CITROEN SADAL Bourg En Bresse
","Novembre 2017
Assurance auto : Comparez","Monospace","Diesel","3 718
km","4 portes","8
places","28 990 €","6
CV","116
Ch","Manuelle",NA,NA,NA,NA
"70","https://www.paruvendu.fr/a/voiture-occasion/peugeot/3008/1229907388A1KVVOPE3M8",1,NA,NA,NA,NA,NA,NA,NA,NA,NA,NA,NA,NA,NA,NA,NA,NA,NA,NA,NA
"71","https://www.paruvendu.fr/a/voiture-occasion/peugeot/5008/1228630314A1KVVOPE5M8",0,"Peugeot occasion","5008","","
11 route nationale BP 2741260 LA-CHAUSSEE-SAINT-VICTOR
","
PEUGEOT Beauciel Automobiles Blois
","Mars 2018
Assurance auto : Comparez","4x4 - SUV","Diesel","12 800
km","4 portes avec hayon","7
places","31 999 €","6
CV","130
Ch","Manuelle",NA,NA,NA,NA
"72","https://www.paruvendu.fr/a/voiture-occasion/skoda/kodiaq/1224022733A1KVVOSKKOD",0,"Skoda occasion","Kodiaq","","
211 Chaussée de Bruxelles07500 TOURNAI, BELGIQUE
","
AUDI VOLKSWAGEN Premium Motors Tournai
","2018
Assurance auto : Comparez","4x4 - SUV","Diesel","9 990
km","4 portes avec hayon","7
places","33 990 €","8
CV","150
Ch","Automatique",NA,NA,NA,NA
"73","https://www.paruvendu.fr/a/voiture-occasion/land-rover/range-rover-evoque/1228470318A1KVVOLRREV",0,"Land-Rover occasion","Range Rover Evoque","","
211 Chaussée de Bruxelles07500 TOURNAI, BELGIQUE
","
AUDI VOLKSWAGEN Premium Motors Tournai
","2016
Assurance auto : Comparez","4x4 - SUV","Diesel","58 173
km","4 portes avec hayon","5
places","37 990 €","8
CV","150
Ch","Automatique",NA,NA,NA,NA
"74","https://www.paruvendu.fr/a/voiture-occasion/audi/a6/1228491973A1KVVOAUA6",0,"Audi occasion","A6","","
211 Chaussée de Bruxelles07500 TOURNAI, BELGIQUE
","
AUDI VOLKSWAGEN Premium Motors Tournai
","2016
Assurance auto : Comparez","Berline","Diesel","48 739
km","4 portes","5
places","39 990 €","10
CV","190
Ch","Automatique",NA,NA,NA,NA
"75","https://www.paruvendu.fr/a/voiture-occasion/volkswagen/caravelle/1226525580A1KVVOVWCAR",0,"Volkswagen occasion","Caravelle","","
211 Chaussée de Bruxelles07500 TOURNAI, BELGIQUE
","
AUDI VOLKSWAGEN Premium Motors Tournai
","2018
Assurance auto : Comparez","Monospace","Diesel","9 990
km","4 portes avec hayon","8
places","45 490 €","8
CV","150
Ch","Automatique",NA,NA,NA,NA
"76","https://www.paruvendu.fr/a/voiture-occasion/citroen/c4/1227037306A1KVVOCIC4",0,"Citroën occasion","C4","","
ZA LIEU DIT DU PRE ROND25680 FRANCE
","
ACCEL  AUTO
","2009
Assurance auto : Comparez","Berline","Essence","105 211
km","4 portes avec hayon",NA,"6 300 €",NA,NA,"Manuelle",NA,NA,"3 mois",NA
"77","https://www.paruvendu.fr/a/voiture-occasion/peugeot/5008/1229271150A1KVVOPE5M8",0,"Peugeot occasion","5008","","
ZA LIEU DIT DU PRE ROND25680 FRANCE
","
ACCEL  AUTO
","2010
Assurance auto : Comparez","Break","Diesel","158 667
km","4 portes avec hayon",NA,"7 500 €",NA,NA,"Manuelle",NA,NA,"3 mois",NA
"78","https://www.paruvendu.fr/a/voiture-occasion/peugeot/partner/1229079342A1KVVOPEPAR",0,"Peugeot occasion","Partner","","
ZA LIEU DIT DU PRE ROND25680 FRANCE
","
ACCEL  AUTO
","2014
Assurance auto : Comparez","Berline","Diesel","123 195
km","2 portes avec hayon",NA,"7 990 €",NA,NA,"Manuelle",NA,NA,NA,""
"79","https://www.paruvendu.fr/a/voiture-occasion/toyota/avensis/1228037395A1KVVOTOAVE",0,"Toyota occasion","Avensis","","
ZA LIEU DIT DU PRE ROND25680 FRANCE
","
ACCEL  AUTO
","2012
Assurance auto : Comparez","Break","Diesel","97 441
km","4 portes avec hayon",NA,"10 490 €",NA,NA,"Manuelle",NA,NA,"3 mois",NA
"80","https://www.paruvendu.fr/a/voiture-occasion/citroen/berlingo/1229618775A1KVVOCIBER",0,"Citroën occasion","Berlingo","","
ZA LIEU DIT DU PRE ROND25680 FRANCE
","
ACCEL  AUTO
","2017
Assurance auto : Comparez","Berline","Diesel","27 929
km","2 portes avec hayon",NA,"12 990 €",NA,NA,"Manuelle",NA,NA,NA,""
"81","https://www.paruvendu.fr/a/voiture-occasion/renault/megane-iii/1229127961A1KVVOREMG3",0,"Renault occasion","Mégane III","","
ZA LIEU DIT DU PRE ROND25680 FRANCE
","
ACCEL  AUTO
","2015
Assurance auto : Comparez","Berline","Diesel","58 356
km","4 portes avec hayon",NA,"12 990 €",NA,NA,"Manuelle",NA,NA,"3 mois",NA
"82","https://www.paruvendu.fr/a/voiture-occasion/seat/leon/1228408653A1KVVOSELEO",0,"Seat occasion","Leon","","
4 rue Albert de Dion44700 ORVAULT
","
VOLKSWAGEN A.G.O Orvault
","Juillet 2015
Assurance auto : Comparez","Berline","Diesel","66 030
km","4 portes avec hayon","5
places","13 990 €","5
CV","110
Ch","Manuelle",NA,NA,NA,NA
"83","https://www.paruvendu.fr/a/voiture-occasion/volkswagen/polo/1229877123A1KVVOVWPOL",0,"Volkswagen occasion","Polo","","
4 rue Albert de Dion44700 ORVAULT
","
VOLKSWAGEN A.G.O Orvault
","Septembre 2017
Assurance auto : Comparez","Berline","Diesel","13 435
km","4 portes avec hayon","5
places","14 990 €","4
CV","90
Ch","Manuelle",NA,NA,NA,NA
"84","https://www.paruvendu.fr/a/voiture-occasion/skoda/rapid/1226441502A1KVVOSKRAP",0,"Skoda occasion","Rapid","","
4 rue Albert de Dion44700 ORVAULT
","
VOLKSWAGEN A.G.O Orvault
","Octobre 2017
Assurance auto : Comparez","Break","Essence","11 304
km","4 portes avec hayon","5
places","14 990 €","6
CV","110
Ch","Manuelle",NA,NA,NA,NA
"85","https://www.paruvendu.fr/a/voiture-occasion/toyota/verso/1229902748A1KVVOTOVER",0,"Toyota occasion","Verso","","
15 rue des Alliées57050 Metz
","
TOYOTA LEXUS METZ
","Novembre 2016
Assurance auto : Comparez","Monospace","Essence","64 179
km","4 portes avec hayon","5
places","14 999 €","8
CV","132
Ch","Manuelle",NA,"154
g/km","Toyota Occasions Plus 12 mois",NA
"86","https://www.paruvendu.fr/a/voiture-occasion/mini/paceman/1227625414A1KVVOMCPAC",0,"Mini occasion","Paceman","","
1550 Route de St Gilles ZAC Mas des Abeilles30000 NIMES
","
BMW Meridional Auto
","Août 2013
Assurance auto : Comparez","Break","Diesel","60 112
km","2 portes avec hayon","4
places","16 900 €","6
CV","112
Ch","Automatique",NA,NA,NA,NA
"87","https://www.paruvendu.fr/a/voiture-occasion/skoda/octavia/1229877114A1KVVOSKOCT",0,"Skoda occasion","Octavia","","
4 rue Albert de Dion44700 ORVAULT
","
VOLKSWAGEN A.G.O Orvault
","Juillet 2016
Assurance auto : Comparez","Break","Diesel","71 253
km","4 portes avec hayon","5
places","16 990 €","8
CV","150
Ch","Automatique",NA,NA,NA,NA
"88","https://www.paruvendu.fr/a/voiture-occasion/bmw/serie-1/1229877489A1KVVOBMS1",0,"BMW occasion","Série 1","","
1550 Route de St Gilles ZAC Mas des Abeilles30000 NIMES
","
BMW Meridional Auto
","Juillet 2016
Assurance auto : Comparez","Berline","Diesel","27 758
km","4 portes avec hayon","5
places","19 900 €","5
CV","116
Ch","Automatique",NA,NA,NA,NA
"89","https://www.paruvendu.fr/a/voiture-occasion/bmw/serie-1/1229683808A1KVVOBMS1",1,NA,NA,NA,NA,NA,NA,NA,NA,NA,NA,NA,NA,NA,NA,NA,NA,NA,NA,NA
"90","https://www.paruvendu.fr/a/voiture-occasion/bmw/serie-1/1228426522A1KVVOBMS1",0,"BMW occasion","Série 1","","
1550 Route de St Gilles ZAC Mas des Abeilles30000 NIMES
","
BMW Meridional Auto
","Février 2017
Assurance auto : Comparez","Berline","Diesel","31 774
km","4 portes avec hayon","5
places","20 900 €","5
CV","116
Ch","Automatique",NA,NA,NA,NA
"91","https://www.paruvendu.fr/a/voiture-occasion/bmw/serie-2/1227989267A1KVVOBMS2",0,"BMW occasion","Serie 2","","
1550 Route de St Gilles ZAC Mas des Abeilles30000 NIMES
","
BMW Meridional Auto
","Juin 2015
Assurance auto : Comparez","Monospace","Diesel","43 420
km","4 portes avec hayon","5
places","21 900 €","7
CV","150
Ch","Automatique","4.1
litres / 100 km","109
g/km",NA,NA
"92","https://www.paruvendu.fr/a/voiture-occasion/volkswagen/golf/1229877132A1KVVOVWGOL",0,"Volkswagen occasion","Golf","","
4 rue Albert de Dion44700 ORVAULT
","
VOLKSWAGEN A.G.O Orvault
","Janvier 2018
Assurance auto : Comparez","Berline","Essence","17 178
km","4 portes avec hayon","5
places","21 990 €","6
CV","125
Ch","Automatique",NA,NA,NA,NA
"93","https://www.paruvendu.fr/a/voiture-occasion/skoda/superb/1229877112A1KVVOSKSUP",0,"Skoda occasion","Superb","","
4 rue Albert de Dion44700 ORVAULT
","
VOLKSWAGEN A.G.O Orvault
","Juin 2016
Assurance auto : Comparez","Berline","Essence","39 100
km","4 portes avec hayon","5
places","22 490 €","8
CV","150
Ch","Automatique","5.1
litres / 100 km","117
g/km",NA,NA
"94","https://www.paruvendu.fr/a/voiture-occasion/seat/leon/1227336897A1KVVOSELEO",0,"Seat occasion","Leon","","
4 rue Albert de Dion44700 ORVAULT
","
VOLKSWAGEN A.G.O Orvault
","Août 2017
Assurance auto : Comparez","Break","Diesel","16 753
km","4 portes avec hayon","5
places","22 490 €","8
CV","150
Ch","Automatique",NA,NA,NA,NA
"95","https://www.paruvendu.fr/a/voiture-occasion/seat/ateca/1226914779A1KVVOSEATC",0,"Seat occasion","Ateca","","
4 rue Albert de Dion44700 ORVAULT
","
VOLKSWAGEN A.G.O Orvault
","Juillet 2017
Assurance auto : Comparez","4x4 - SUV","Diesel","17 292
km","4 portes avec hayon","5
places","22 990 €","6
CV","116
Ch","Manuelle",NA,NA,NA,NA
"96","https://www.paruvendu.fr/a/voiture-occasion/bmw/serie-4/1228829911A1KVVOBMS4",0,"BMW occasion","Série 4","","
1550 Route de St Gilles ZAC Mas des Abeilles30000 NIMES
","
BMW Meridional Auto
","Octobre 2017
Assurance auto : Comparez","Berline","Diesel","7 950
km","4 portes avec hayon","5
places","28 900 €","7
CV","150
Ch","Automatique",NA,NA,NA,NA
"97","https://www.paruvendu.fr/a/voiture-occasion/bmw/serie-3/1228413313A1KVVOBMS3",0,"BMW occasion","Série 3","","
1550 Route de St Gilles ZAC Mas des Abeilles30000 NIMES
","
BMW Meridional Auto
","Décembre 2015
Assurance auto : Comparez","Break","Diesel","76 703
km","4 portes avec hayon","5
places","32 900 €","15
CV","258
Ch","Automatique",NA,NA,NA,NA
"98","https://www.paruvendu.fr/a/voiture-occasion/bmw/serie-4/1228113855A1KVVOBMS4",0,"BMW occasion","Série 4","","
1550 Route de St Gilles ZAC Mas des Abeilles30000 NIMES
","
BMW Meridional Auto
","Juillet 2017
Assurance auto : Comparez","Berline","Diesel","22 950
km","4 portes avec hayon","5
places","45 900 €","15
CV","258
Ch","Automatique",NA,NA,NA,NA
"99","https://www.paruvendu.fr/a/voiture-occasion/bmw/serie-5/1228359288A1KVVOBMS5",0,"BMW occasion","Série 5","","
1550 Route de St Gilles ZAC Mas des Abeilles30000 NIMES
","
BMW Meridional Auto
","Janvier 2017
Assurance auto : Comparez","Berline","Diesel","33 817
km","4 portes","5
places","49 900 €","16
CV","265
Ch","Automatique",NA,NA,NA,NA
"100","https://www.paruvendu.fr/a/voiture-occasion/bmw/serie-3/1229907298A1KVVOBMS3",0,"BMW occasion","Série 3","","
560 LES PORTES DOMITIENNES PRESTIGE CARS34740 FRANCE
","
UNIVERS MOTORS
","2005
Assurance auto : Comparez","Berline","Diesel","233 313
km","2 portes",NA,"5 400 €",NA,NA,"Manuelle",NA,NA,NA,""
"101","https://www.paruvendu.fr/a/voiture-occasion/volkswagen/sharan/1229079059A1KVVOVWSHA",0,"Volkswagen occasion","Sharan","","
560 LES PORTES DOMITIENNES PRESTIGE CARS34740 FRANCE
","
UNIVERS MOTORS
","2009
Assurance auto : Comparez","Break","Diesel","221 142
km","4 portes avec hayon",NA,"6 400 €",NA,NA,"Manuelle",NA,NA,"3 mois",NA
"102","https://www.paruvendu.fr/a/voiture-occasion/mercedes/classe-m/1229017679A1KVVOMEM",0,"Mercedes occasion","Classe M","","
560 LES PORTES DOMITIENNES PRESTIGE CARS34740 FRANCE
","
UNIVERS MOTORS
","2007
Assurance auto : Comparez","Berline","Diesel","345 000
km","4 portes avec hayon",NA,"8 400 €",NA,NA,"Automatique",NA,NA,NA,""
"103","https://www.paruvendu.fr/a/voiture-occasion/peugeot/208/1229907417A1KVVOPE208",1,NA,NA,NA,NA,NA,NA,NA,NA,NA,NA,NA,NA,NA,NA,NA,NA,NA,NA,NA
"104","https://www.paruvendu.fr/a/voiture-occasion/peugeot/208/1229907423A1KVVOPE208",0,"Peugeot occasion","208","","
51 AV DE COURNON63170 France
","
OXYLIO CLERMONT FERRAND
","2017
Assurance auto : Comparez","Berline","Essence","27 615
km","4 portes avec hayon",NA,"11 690 €",NA,NA,"Manuelle",NA,NA,"14 mois",NA
"105","https://www.paruvendu.fr/a/voiture-occasion/peugeot/208/1229907422A1KVVOPE208",1,NA,NA,NA,NA,NA,NA,NA,NA,NA,NA,NA,NA,NA,NA,NA,NA,NA,NA,NA
"106","https://www.paruvendu.fr/a/voiture-occasion/peugeot/108/1229637030A1KVVOPE108",0,"Peugeot occasion","108","","
Espace Mend?s France BP 2863679000 NIORT
","
PEUGEOT Automobilis
","Août 2018
Assurance auto : Comparez","Berline","Essence","10
km","4 portes avec hayon","4
places","12 999 €","4
CV","69
Ch","Automatique",NA,NA,NA,NA
"107","https://www.paruvendu.fr/a/voiture-occasion/volkswagen/touareg/1228514930A1KVVOVWTOG",0,"Volkswagen occasion","Touareg","","
560 LES PORTES DOMITIENNES PRESTIGE CARS34740 FRANCE
","
UNIVERS MOTORS
","2008
Assurance auto : Comparez","Berline","Diesel","123 099
km","4 portes avec hayon",NA,"14 900 €",NA,NA,"Automatique",NA,NA,"3 mois",NA
"108","https://www.paruvendu.fr/a/voiture-occasion/audi/a1/1229346676A1KVVOAUA1",0,"Audi occasion","A1","","
19 Avenue Louis Breguet78140 VELIZY VILLACOUBLAY
","
AUDI Premium Vélizy
","Août 2014
Assurance auto : Comparez","Berline","Diesel","30 349
km","4 portes avec hayon","4
places","15 900 €","4
CV","90
Ch","Manuelle",NA,NA,NA,NA
"109","https://www.paruvendu.fr/a/voiture-occasion/peugeot/308/1229907412A1KVVOPE308",0,"Peugeot occasion","308","","
51 AV DE COURNON63170 France
","
OXYLIO CLERMONT FERRAND
","2017
Assurance auto : Comparez","Break","Diesel","8 069
km","4 portes avec hayon",NA,"15 970 €",NA,NA,"Automatique",NA,NA,"9 mois",NA
"110","https://www.paruvendu.fr/a/voiture-occasion/mini/cooper-s/1229907305A1KVVOMCCOS",0,"Mini occasion","Cooper S","","
560 LES PORTES DOMITIENNES PRESTIGE CARS34740 FRANCE
","
UNIVERS MOTORS
","2014
Assurance auto : Comparez","Berline","Essence","65 146
km","2 portes avec hayon",NA,"17 900 €",NA,NA,"Manuelle",NA,NA,"3 mois",NA
"111","https://www.paruvendu.fr/a/voiture-occasion/jeep/renegade/1229848742A1KVVOJEREN",0,"Jeep occasion","Renegade","","
Espace Mend?s France BP 2863679000 NIORT
","
PEUGEOT Automobilis
","Avril 2017
Assurance auto : Comparez","4x4 - SUV","Diesel","50 461
km","4 portes avec hayon","5
places","18 699 €","6
CV","120
Ch","Manuelle",NA,NA,NA,NA
"112","https://www.paruvendu.fr/a/voiture-occasion/mini/mini-coupe/1229907299A1KVVOMCCOU",0,"Mini occasion","MINI COUPE","","
560 LES PORTES DOMITIENNES PRESTIGE CARS34740 FRANCE
","
UNIVERS MOTORS
","2015
Assurance auto : Comparez","Berline","Diesel","35 771
km","4 portes avec hayon",NA,"19 900 €",NA,NA,"Automatique",NA,NA,"3 mois",NA
"113","https://www.paruvendu.fr/a/voiture-occasion/ford/kuga/1229346644A1KVVOFOKUG",0,"Ford occasion","Kuga","","
Espace Mend?s France BP 2863679000 NIORT
","
PEUGEOT Automobilis
","Mars 2017
Assurance auto : Comparez","4x4 - SUV","Diesel","61 612
km","4 portes avec hayon","5
places","19 999 €","8
CV","150
Ch","Manuelle",NA,NA,NA,NA
"114","https://www.paruvendu.fr/a/voiture-occasion/audi/q7/1229907303A1KVVOAUQ7",0,"Audi occasion","Q7","","
560 LES PORTES DOMITIENNES PRESTIGE CARS34740 FRANCE
","
UNIVERS MOTORS
","2012
Assurance auto : Comparez","Berline","Diesel","220 241
km","4 portes avec hayon",NA,"21 900 €",NA,NA,"Automatique",NA,NA,"3 mois",NA
"115","https://www.paruvendu.fr/a/voiture-occasion/volkswagen/caddy/1229504165A1KVVOVWCAD",0,"Volkswagen occasion","Caddy","","
Avenue Eug?ne Pottier54510 TOMBLAINE
","
VOLKSWAGEN Automotors Nancy
","Août 2018
Assurance auto : Comparez","Break","Essence","10
km","4 portes avec hayon","7
places","22 900 €","7
CV","125
Ch","Manuelle",NA,NA,NA,NA
"116","https://www.paruvendu.fr/a/voiture-occasion/volkswagen/caddy/1229504164A1KVVOVWCAD",0,"Volkswagen occasion","Caddy","","
Avenue Eug?ne Pottier54510 TOMBLAINE
","
VOLKSWAGEN Automotors Nancy
","Août 2018
Assurance auto : Comparez","Break","Essence","10
km","4 portes avec hayon","7
places","22 900 €","7
CV","125
Ch","Manuelle",NA,NA,NA,NA
"117","https://www.paruvendu.fr/a/voiture-occasion/volkswagen/caddy/1229504163A1KVVOVWCAD",0,"Volkswagen occasion","Caddy","","
Avenue Eug?ne Pottier54510 TOMBLAINE
","
VOLKSWAGEN Automotors Nancy
","Août 2018
Assurance auto : Comparez","Break","Essence","10
km","4 portes avec hayon","7
places","22 900 €","7
CV","125
Ch","Manuelle",NA,NA,NA,NA
"118","https://www.paruvendu.fr/a/voiture-occasion/volkswagen/caddy/1229504162A1KVVOVWCAD",0,"Volkswagen occasion","Caddy","","
Avenue Eug?ne Pottier54510 TOMBLAINE
","
VOLKSWAGEN Automotors Nancy
","Août 2018
Assurance auto : Comparez","Break","Essence","10
km","4 portes avec hayon","7
places","22 900 €","7
CV","125
Ch","Manuelle",NA,NA,NA,NA
"119","https://www.paruvendu.fr/a/voiture-occasion/volkswagen/caddy/1229504161A1KVVOVWCAD",0,"Volkswagen occasion","Caddy","","
Avenue Eug?ne Pottier54510 TOMBLAINE
","
VOLKSWAGEN Automotors Nancy
","Août 2018
Assurance auto : Comparez","Break","Essence","10
km","4 portes avec hayon","7
places","22 900 €","7
CV","125
Ch","Manuelle",NA,NA,NA,NA
"120","https://www.paruvendu.fr/a/voiture-occasion/nissan/qashqai/1229907430A1KVVONIQAS",0,"Nissan occasion","Qashqai","","
51 AV DE COURNON63170 France
","
OXYLIO CLERMONT FERRAND
","2018
Assurance auto : Comparez",NA,"Essence","10
km","4 portes avec hayon",NA,"23 470 €",NA,NA,"Manuelle",NA,NA,"34 mois",""
"121","https://www.paruvendu.fr/a/voiture-occasion/nissan/qashqai/1229907425A1KVVONIQAS",0,"Nissan occasion","Qashqai","","
51 AV DE COURNON63170 France
","
OXYLIO CLERMONT FERRAND
","2018
Assurance auto : Comparez",NA,"Essence","10
km","4 portes avec hayon",NA,"23 470 €",NA,NA,"Manuelle",NA,NA,"34 mois",""
"122","https://www.paruvendu.fr/a/voiture-occasion/bmw/x4/1229907306A1KVVOBMX4",0,"BMW occasion","X4","","
560 LES PORTES DOMITIENNES PRESTIGE CARS34740 FRANCE
","
UNIVERS MOTORS
","2014
Assurance auto : Comparez","Berline","Diesel","157 838
km","4 portes avec hayon",NA,"25 900 €",NA,NA,"Manuelle",NA,NA,"3 mois",NA
"123","https://www.paruvendu.fr/a/voiture-occasion/peugeot/508/1229907413A1KVVOPE508",0,"Peugeot occasion","508","","
51 AV DE COURNON63170 France
","
OXYLIO CLERMONT FERRAND
","2017
Assurance auto : Comparez","Break","Diesel","28 145
km","4 portes avec hayon",NA,"25 990 €",NA,NA,"Automatique",NA,NA,"13 mois",NA
"124","https://www.paruvendu.fr/a/voiture-occasion/audi/a5/1229903968A1KVVOAUA5",0,"Audi occasion","A5","","
Avenue Eug?ne Pottier54510 TOMBLAINE
","
VOLKSWAGEN Automotors Nancy
","Juillet 2015
Assurance auto : Comparez","Berline","Diesel","43 500
km","4 portes avec hayon","5
places","25 494 €","8
CV","150
Ch","Manuelle",NA,NA,NA,NA
"125","https://www.paruvendu.fr/a/voiture-occasion/audi/a4/1227859087A1KVVOAUA4",0,"Audi occasion","A4","","
19 Avenue Louis Breguet78140 VELIZY VILLACOUBLAY
","
AUDI Premium Vélizy
","Juin 2016
Assurance auto : Comparez","Berline","Diesel","28 822
km","4 portes","5
places","26 900 €","7
CV","150
Ch","Manuelle",NA,NA,NA,NA
"126","https://www.paruvendu.fr/a/voiture-occasion/audi/a1/1227547518A1KVVOAUA1",0,"Audi occasion","A1","","
19 Avenue Louis Breguet78140 VELIZY VILLACOUBLAY
","
AUDI Premium Vélizy
","Novembre 2017
Assurance auto : Comparez","Berline","Essence","7 900
km","4 portes avec hayon","4
places","26 900 €","6
CV","125
Ch","Automatique",NA,NA,NA,NA
"127","https://www.paruvendu.fr/a/voiture-occasion/jeep/cherokee/1229907302A1KVVOJECHE",0,"Jeep occasion","Cherokee","","
560 LES PORTES DOMITIENNES PRESTIGE CARS34740 FRANCE
","
UNIVERS MOTORS
","2015
Assurance auto : Comparez","Berline","Diesel","49 490
km","4 portes avec hayon",NA,"27 900 €",NA,NA,"Automatique",NA,NA,"6 mois",NA
"128","https://www.paruvendu.fr/a/voiture-occasion/bmw/x1/1228999131A1KVVOBMX1",0,"BMW occasion","X1","","
Espace Mend?s France BP 2863679000 NIORT
","
PEUGEOT Automobilis
","2017
Assurance auto : Comparez","4x4 - SUV","Diesel","29 343
km","4 portes avec hayon","5
places","28 999 €","8
CV","150
Ch","Automatique",NA,NA,NA,NA
"129","https://www.paruvendu.fr/a/voiture-occasion/peugeot/5008/1229907426A1KVVOPE5M8",0,"Peugeot occasion","5008","","
51 AV DE COURNON63170 France
","
OXYLIO CLERMONT FERRAND
","2018
Assurance auto : Comparez","Break","Diesel","7 857
km","4 portes avec hayon",NA,"31 490 €",NA,NA,"Automatique",NA,NA,"20 mois",NA
"130","https://www.paruvendu.fr/a/voiture-occasion/peugeot/3008/1229155352A1KVVOPE3M8",0,"Peugeot occasion","3008","","
Espace Mend?s France BP 2863679000 NIORT
","
PEUGEOT Automobilis
","Août 2018
Assurance auto : Comparez","4x4 - SUV","Essence","10
km","4 portes avec hayon","5
places","31 499 €","9
CV","165
Ch","Automatique",NA,NA,NA,NA
"131","https://www.paruvendu.fr/a/voiture-occasion/peugeot/3008/1228974809A1KVVOPE3M8",0,"Peugeot occasion","3008","","
Espace Mend?s France BP 2863679000 NIORT
","
PEUGEOT Automobilis
","Août 2018
Assurance auto : Comparez","4x4 - SUV","Essence","10
km","4 portes avec hayon","5
places","34 699 €","9
CV","165
Ch","Automatique",NA,NA,NA,NA
"132","https://www.paruvendu.fr/a/voiture-occasion/peugeot/3008/1227255074A1KVVOPE3M8",0,"Peugeot occasion","3008","","
Espace Mend?s France BP 2863679000 NIORT
","
PEUGEOT Automobilis
","Mai 2018
Assurance auto : Comparez","4x4 - SUV","Diesel","10 000
km","4 portes avec hayon","5
places","34 990 €","6
CV","130
Ch","Manuelle",NA,"106
g/km",NA,""
"133","https://www.paruvendu.fr/a/voiture-occasion/audi/s5/1229903966A1KVVOAUS5",0,"Audi occasion","S5","","
Avenue Eug?ne Pottier54510 TOMBLAINE
","
VOLKSWAGEN Automotors Nancy
","Juin 2011
Assurance auto : Comparez","Cabriolet","Essence","60 800
km","2 portes","4
places","34 995 €","23
CV","333
Ch","Automatique","9.7
litres / 100 km","224
g/km",NA,NA
"134","https://www.paruvendu.fr/a/voiture-occasion/mercedes/classe-e/1229638732A1KVVOMEE",0,"Mercedes occasion","Classe E","","
560 LES PORTES DOMITIENNES PRESTIGE CARS34740 FRANCE
","
UNIVERS MOTORS
","2014
Assurance auto : Comparez","Cabriolet","Diesel","74 267
km","2 portes",NA,"35 900 €",NA,NA,"Automatique",NA,NA,"6 mois",NA
"135","https://www.paruvendu.fr/a/voiture-occasion/peugeot/3008/1228999135A1KVVOPE3M8",0,"Peugeot occasion","3008","","
Espace Mend?s France BP 2863679000 NIORT
","
PEUGEOT Automobilis
","Juillet 2018
Assurance auto : Comparez","4x4 - SUV","Diesel","10 200
km","4 portes avec hayon","5
places","35 900 €","6
CV","130
Ch","Automatique",NA,NA,NA,NA
"136","https://www.paruvendu.fr/a/voiture-occasion/audi/tt/1228974869A1KVVOAUTT",0,"Audi occasion","TT","","
19 Avenue Louis Breguet78140 VELIZY VILLACOUBLAY
","
AUDI Premium Vélizy
","Novembre 2017
Assurance auto : Comparez","Coupé","Essence","17 552
km","2 portes","4
places","36 900 €","10
CV","180
Ch","Automatique",NA,NA,NA,NA
"137","https://www.paruvendu.fr/a/voiture-occasion/audi/a3/1224302348A1KVVOAUA3",0,"Audi occasion","A3","","
19 Avenue Louis Breguet78140 VELIZY VILLACOUBLAY
","
AUDI Premium Vélizy
","Novembre 2017
Assurance auto : Comparez","Berline","Essence","9 500
km","4 portes","5
places","36 900 €","8
CV","150
Ch","Automatique",NA,NA,NA,NA
"138","https://www.paruvendu.fr/a/voiture-occasion/audi/a5/1228374250A1KVVOAUA5",0,"Audi occasion","A5","","
Avenue Eug?ne Pottier54510 TOMBLAINE
","
VOLKSWAGEN Automotors Nancy
","Mars 2017
Assurance auto : Comparez","Cabriolet","Diesel","24 150
km","2 portes","4
places","39 995 €","10
CV","190
Ch","Automatique",NA,NA,NA,NA
"139","https://www.paruvendu.fr/a/voiture-occasion/volkswagen/amarok/1228492063A1KVVOVWAMA",0,"Volkswagen occasion","Amarok","","
Avenue Eug?ne Pottier54510 TOMBLAINE
","
VOLKSWAGEN Automotors Nancy
","2018
Assurance auto : Comparez","4x4 - SUV","Diesel","10
km","4 portes","5
places","45 994 €","10
CV","224
Ch","Automatique",NA,NA,NA,NA
"140","https://www.paruvendu.fr/a/voiture-occasion/audi/a8/1228269445A1KVVOAUA8",0,"Audi occasion","A8","","
19 Avenue Louis Breguet78140 VELIZY VILLACOUBLAY
","
AUDI Premium Vélizy
","Avril 2014
Assurance auto : Comparez","Berline","Diesel","48 022
km","4 portes","5
places","49 900 €","16
CV","258
Ch","Automatique",NA,NA,NA,NA
"141","https://www.paruvendu.fr/a/voiture-occasion/audi/q7/1228289261A1KVVOAUQ7",1,NA,NA,NA,NA,NA,NA,NA,NA,NA,NA,NA,NA,NA,NA,NA,NA,NA,NA,NA
"142","https://www.paruvendu.fr/a/voiture-occasion/audi/v8/1228974866A1KVVOAUV8",0,"Audi occasion","V8","","
19 Avenue Louis Breguet78140 VELIZY VILLACOUBLAY
","
AUDI Premium Vélizy
","Mai 2017
Assurance auto : Comparez","4x4 - SUV","Diesel","6 862
km","4 portes avec hayon","7
places","99 900 €","32
CV","435
Ch","Automatique","7.2
litres / 100 km","190
g/km",NA,NA
"143","https://www.paruvendu.fr/a/voiture-occasion/renault/zoe/1228825040A1KVVOREZOE",0,"Renault occasion","Zoé","","
5 Route de Galice13090 AIX EN PROVENCE
","
RENAULT Verdun
","Juillet 2014
Assurance auto : Comparez","Berline","Electrique","54 000
km","4 portes avec hayon","5
places","8 390 €","1
CV","88
Ch","Automatique",NA,NA,NA,NA
"144","https://www.paruvendu.fr/a/voiture-occasion/renault/zoe/1229877570A1KVVOREZOE",1,NA,NA,NA,NA,NA,NA,NA,NA,NA,NA,NA,NA,NA,NA,NA,NA,NA,NA,NA
"145","https://www.paruvendu.fr/a/voiture-occasion/renault/twingo/1229877580A1KVVORETWI",0,"Renault occasion","Twingo","","
5 Route de Galice13090 AIX EN PROVENCE
","
RENAULT Verdun
","Janvier 2018
Assurance auto : Comparez","Berline","Essence","10 390
km","4 portes avec hayon","4
places","10 290 €","4
CV","71
Ch","Manuelle",NA,NA,NA,NA
"146","https://www.paruvendu.fr/a/voiture-occasion/renault/zoe/1229032223A1KVVOREZOE",0,"Renault occasion","Zoé","","
5 Route de Galice13090 AIX EN PROVENCE
","
RENAULT Verdun
","Avril 2016
Assurance auto : Comparez","Berline","Electrique","27 476
km","4 portes avec hayon","5
places","11 290 €","1
CV","88
Ch","Automatique",NA,NA,NA,NA
"147","https://www.paruvendu.fr/a/voiture-occasion/renault/captur/1229904131A1KVVORECAP",1,NA,NA,NA,NA,NA,NA,NA,NA,NA,NA,NA,NA,NA,NA,NA,NA,NA,NA,NA
"148","https://www.paruvendu.fr/a/voiture-occasion/renault/captur/1229126895A1KVVORECAP",0,"Renault occasion","Captur","","
5 Route de Galice13090 AIX EN PROVENCE
","
RENAULT Verdun
","Juin 2016
Assurance auto : Comparez","4x4 - SUV","Essence","13 522
km","4 portes avec hayon","5
places","15 290 €","6
CV","120
Ch","Automatique",NA,NA,NA,NA
"149","https://www.paruvendu.fr/a/voiture-occasion/audi/a4/1229904361A1KVVOAUA4",0,"Audi occasion","A4","","
Route de Cambrai BP 9007859552 LAMBRES LEZ DOUAI
","
AUDI VOLKSWAGEN Carlier Automobiles SAS
","Septembre 2014
Assurance auto : Comparez","Berline","Diesel","68 600
km","4 portes","5
places","17 990 €","8
CV","150
Ch","Manuelle",NA,NA,NA,NA
"150","https://www.paruvendu.fr/a/voiture-occasion/mercedes/classe-b/1228901073A1KVVOMEB",0,"Mercedes occasion","Classe B","","
5 Route de Galice13090 AIX EN PROVENCE
","
RENAULT Verdun
","2016
Assurance auto : Comparez","Monospace","Essence","17 669
km","4 portes avec hayon","5
places","25 490 €","7
CV","122
Ch","Automatique",NA,NA,NA,NA
"151","https://www.paruvendu.fr/a/voiture-occasion/skoda/karoq/1227108928A1KVVOSKKAR",0,"Skoda occasion","Karoq","","
Route de Cambrai BP 9007859552 LAMBRES LEZ DOUAI
","
AUDI VOLKSWAGEN Carlier Automobiles SAS
","Décembre 2017
Assurance auto : Comparez","4x4 - SUV","Diesel","7 538
km","4 portes avec hayon","5
places","25 990 €","6
CV","116
Ch","Manuelle",NA,NA,NA,NA
"152","https://www.paruvendu.fr/a/voiture-occasion/volkswagen/golf/1229637576A1KVVOVWGOL",0,"Volkswagen occasion","Golf","","
Route de Cambrai BP 9007859552 LAMBRES LEZ DOUAI
","
AUDI VOLKSWAGEN Carlier Automobiles SAS
","2018
Assurance auto : Comparez","Berline","Essence","10
km","4 portes avec hayon","5
places","28 490 €","8
CV","150
Ch","Automatique",NA,NA,NA,NA
"153","https://www.paruvendu.fr/a/voiture-occasion/renault/espace/1229637388A1KVVOREESP",0,"Renault occasion","Espace","","
5 Route de Galice13090 AIX EN PROVENCE
","
RENAULT Verdun
","Mars 2017
Assurance auto : Comparez","Monospace","Essence","20 739
km","4 portes avec hayon","5
places","30 390 €","11
CV","200
Ch","Automatique",NA,NA,NA,NA
"154","https://www.paruvendu.fr/a/voiture-occasion/skoda/kodiaq/1224603138A1KVVOSKKOD",0,"Skoda occasion","Kodiaq","","
Route de Cambrai BP 9007859552 LAMBRES LEZ DOUAI
","
AUDI VOLKSWAGEN Carlier Automobiles SAS
","Février 2018
Assurance auto : Comparez","4x4 - SUV","Diesel","10 834
km","4 portes avec hayon","7
places","36 990 €","8
CV","150
Ch","Automatique",NA,NA,NA,NA
"155","https://www.paruvendu.fr/a/voiture-occasion/audi/q2/1227902063A1KVVOAUQ2",1,NA,NA,NA,NA,NA,NA,NA,NA,NA,NA,NA,NA,NA,NA,NA,NA,NA,NA,NA
"156","https://www.paruvendu.fr/a/voiture-occasion/audi/q2/1227902062A1KVVOAUQ2",0,"Audi occasion","Q2","","
Route de Cambrai BP 9007859552 LAMBRES LEZ DOUAI
","
AUDI VOLKSWAGEN Carlier Automobiles SAS
","2018
Assurance auto : Comparez","4x4 - SUV","Essence","10
km","4 portes avec hayon","5
places","37 990 €","8
CV","150
Ch","Automatique",NA,NA,NA,NA
"157","https://www.paruvendu.fr/a/voiture-occasion/audi/a4/1229904362A1KVVOAUA4",0,"Audi occasion","A4","","
Route de Cambrai BP 9007859552 LAMBRES LEZ DOUAI
","
AUDI VOLKSWAGEN Carlier Automobiles SAS
","Février 2016
Assurance auto : Comparez","Break","Diesel","22 500
km","4 portes avec hayon","5
places","45 990 €","16
CV","272
Ch","Automatique",NA,NA,NA,NA
"158","https://www.paruvendu.fr/a/voiture-occasion/volkswagen/touareg/1229790419A1KVVOVWTOG",0,"Volkswagen occasion","Touareg","","
Route de Cambrai BP 9007859552 LAMBRES LEZ DOUAI
","
AUDI VOLKSWAGEN Carlier Automobiles SAS
","Juillet 2016
Assurance auto : Comparez","4x4 - SUV","Diesel","30 601
km","4 portes avec hayon","5
places","46 990 €","16
CV","262
Ch","Automatique",NA,NA,NA,NA
"159","https://www.paruvendu.fr/a/voiture-occasion/citroen/c4-picasso/1229104645A1KVVOCIC4P",0,"Citroën occasion","C4 Picasso","","
18 RUE ANATOLE FRANCE71200 FRANCE
","
GARAGE LECAT ET FILS
","2013
Assurance auto : Comparez","Break","Diesel","97 791
km","4 portes avec hayon",NA,"10 900 €",NA,NA,"Manuelle",NA,NA,"12 mois",NA
"160","https://www.paruvendu.fr/a/voiture-occasion/peugeot/108/1229886147A1KVVOPE108",0,"Peugeot occasion","108","","
7 route de Bayonne BP 35064141 BILLERE
","
PEUGEOT ABCIS Pyrenees
","Août 2018
Assurance auto : Comparez","Berline","Essence","2
km","4 portes avec hayon","4
places","12 195 €","4
CV","72
Ch","Automatique",NA,NA,NA,NA
"161","https://www.paruvendu.fr/a/voiture-occasion/renault/captur/1228824737A1KVVORECAP",0,"Renault occasion","Captur","","
53 rue du Dronckaert59223 RONCQ
","
RENAULT Dianor
","Août 2016
Assurance auto : Comparez","4x4 - SUV","Diesel","52 588
km","4 portes avec hayon","5
places","13 290 €","4
CV","90
Ch","Automatique",NA,NA,NA,NA
"162","https://www.paruvendu.fr/a/voiture-occasion/peugeot/2008/1229877076A1KVVOPE2M8",0,"Peugeot occasion","2008","","
7 route de Bayonne BP 35064141 BILLERE
","
PEUGEOT ABCIS Pyrenees
","Août 2016
Assurance auto : Comparez","4x4 - SUV","Diesel","43 494
km","4 portes avec hayon","5
places","13 490 €","5
CV","99
Ch","Manuelle",NA,NA,NA,NA
"163","https://www.paruvendu.fr/a/voiture-occasion/renault/kadjar/1228470368A1KVVOREKAD",0,"Renault occasion","Kadjar","","
53 rue du Dronckaert59223 RONCQ
","
RENAULT Dianor
","Mars 2016
Assurance auto : Comparez","4x4 - SUV","Essence","56 115
km","4 portes avec hayon","5
places","14 490 €","7
CV","130
Ch","Manuelle",NA,NA,NA,NA
"164","https://www.paruvendu.fr/a/voiture-occasion/citroen/c4-picasso/1229877204A1KVVOCIC4P",0,"Citroën occasion","C4 Picasso","","
53 rue du Dronckaert59223 RONCQ
","
RENAULT Dianor
","Juin 2015
Assurance auto : Comparez","Monospace","Diesel","60 013
km","4 portes avec hayon","5
places","14 990 €","6
CV","115
Ch","Automatique",NA,NA,NA,NA
"165","https://www.paruvendu.fr/a/voiture-occasion/citroen/c3-aircross/1229849934A1KVVOCIC3A",0,"Citroën occasion","C3 Aircross","","
18 RUE ANATOLE FRANCE71200 FRANCE
","
GARAGE LECAT ET FILS
","2018
Assurance auto : Comparez","Break","Essence","10
km","4 portes avec hayon",NA,"15 590 €",NA,NA,"Manuelle",NA,NA,NA,""
"166","https://www.paruvendu.fr/a/voiture-occasion/peugeot/2008/1229103456A1KVVOPE2M8",0,"Peugeot occasion","2008","","
7 route de Bayonne BP 35064141 BILLERE
","
PEUGEOT ABCIS Pyrenees
","Décembre 2017
Assurance auto : Comparez","4x4 - SUV","Essence","16 419
km","4 portes avec hayon","5
places","15 795 €","4
CV","82
Ch","Manuelle",NA,NA,NA,NA
"167","https://www.paruvendu.fr/a/voiture-occasion/peugeot/2008/1229103454A1KVVOPE2M8",0,"Peugeot occasion","2008","","
7 route de Bayonne BP 35064141 BILLERE
","
PEUGEOT ABCIS Pyrenees
","Décembre 2017
Assurance auto : Comparez","4x4 - SUV","Essence","16 424
km","4 portes avec hayon","5
places","15 895 €","4
CV","82
Ch","Manuelle",NA,NA,NA,NA
"168","https://www.paruvendu.fr/a/voiture-occasion/mini/cooper/1229103751A1KVVOMCCOO",0,"Mini occasion","Cooper","","
59 rue Jacques Prévert33700 MERIGNAC
","
BMW Bayern Automobiles
","Juillet 2015
Assurance auto : Comparez","Berline","Diesel","51 144
km","2 portes avec hayon","4
places","16 590 €","5
CV","116
Ch","Manuelle",NA,NA,NA,NA
"169","https://www.paruvendu.fr/a/voiture-occasion/peugeot/3008/1229636873A1KVVOPE3M8",0,"Peugeot occasion","3008","","
7 route de Bayonne BP 35064141 BILLERE
","
PEUGEOT ABCIS Pyrenees
","Mars 2016
Assurance auto : Comparez","4x4 - SUV","Diesel","72 967
km","4 portes avec hayon","5
places","16 595 €","6
CV","120
Ch","Manuelle",NA,NA,NA,NA
"170","https://www.paruvendu.fr/a/voiture-occasion/audi/q3/1227496623A1KVVOAUQ3",0,"Audi occasion","Q3","","
53 rue du Dronckaert59223 RONCQ
","
RENAULT Dianor
","Octobre 2013
Assurance auto : Comparez","4x4 - SUV","Diesel","93 600
km","4 portes avec hayon","5
places","16 990 €","8
CV","140
Ch","Manuelle",NA,NA,NA,NA
"171","https://www.paruvendu.fr/a/voiture-occasion/peugeot/208/1228655803A1KVVOPE208",0,"Peugeot occasion","208","","
7 route de Bayonne BP 35064141 BILLERE
","
PEUGEOT ABCIS Pyrenees
","Juillet 2018
Assurance auto : Comparez","Berline","Essence","2
km","4 portes avec hayon","5
places","18 150 €","6
CV","110
Ch","Automatique",NA,NA,NA,NA
"172","https://www.paruvendu.fr/a/voiture-occasion/peugeot/2008/1229636877A1KVVOPE2M8",0,"Peugeot occasion","2008","","
7 route de Bayonne BP 35064141 BILLERE
","
PEUGEOT ABCIS Pyrenees
","Mars 2018
Assurance auto : Comparez","4x4 - SUV","Essence","6 455
km","4 portes avec hayon","5
places","18 900 €","5
CV","110
Ch","Manuelle",NA,NA,NA,NA
"173","https://www.paruvendu.fr/a/voiture-occasion/renault/kadjar/1228534652A1KVVOREKAD",0,"Renault occasion","Kadjar","","
53 rue du Dronckaert59223 RONCQ
","
RENAULT Dianor
","Juin 2016
Assurance auto : Comparez","4x4 - SUV","Diesel","23 049
km","4 portes avec hayon","5
places","18 990 €","5
CV","110
Ch","Manuelle",NA,NA,NA,NA
"174","https://www.paruvendu.fr/a/voiture-occasion/hyundai/kona/1225932300A1KVVOHYKON",0,"Hyundai occasion","Kona","","
18 RUE ANATOLE FRANCE71200 FRANCE
","
GARAGE LECAT ET FILS
","2018
Assurance auto : Comparez","Break","Essence","10
km","4 portes avec hayon",NA,"18 990 €",NA,NA,"Manuelle",NA,NA,NA,""
"175","https://www.paruvendu.fr/a/voiture-occasion/dacia/duster/1229835484A1KVVODCDUS",0,"Dacia occasion","Duster","","
18 RUE ANATOLE FRANCE71200 FRANCE
","
GARAGE LECAT ET FILS
","2018
Assurance auto : Comparez","Break","Diesel","10
km","4 portes avec hayon",NA,"19 490 €",NA,NA,"Manuelle",NA,NA,NA,""
"176","https://www.paruvendu.fr/a/voiture-occasion/dacia/duster/1229835483A1KVVODCDUS",0,"Dacia occasion","Duster","","
18 RUE ANATOLE FRANCE71200 FRANCE
","
GARAGE LECAT ET FILS
","2018
Assurance auto : Comparez","Break","Diesel","10
km","4 portes avec hayon",NA,"19 490 €",NA,NA,"Manuelle",NA,NA,NA,""
"177","https://www.paruvendu.fr/a/voiture-occasion/dacia/duster/1229835481A1KVVODCDUS",0,"Dacia occasion","Duster","","
18 RUE ANATOLE FRANCE71200 FRANCE
","
GARAGE LECAT ET FILS
","2018
Assurance auto : Comparez","Break","Diesel","10
km","4 portes avec hayon",NA,"19 490 €",NA,NA,"Manuelle",NA,NA,NA,""
"178","https://www.paruvendu.fr/a/voiture-occasion/renault/kadjar/1228269489A1KVVOREKAD",0,"Renault occasion","Kadjar","","
53 rue du Dronckaert59223 RONCQ
","
RENAULT Dianor
","Février 2017
Assurance auto : Comparez","4x4 - SUV","Diesel","23 647
km","4 portes avec hayon","5
places","19 990 €","7
CV","130
Ch","Manuelle",NA,NA,NA,NA
"179","https://www.paruvendu.fr/a/voiture-occasion/renault/kadjar/1228113672A1KVVOREKAD",0,"Renault occasion","Kadjar","","
53 rue du Dronckaert59223 RONCQ
","
RENAULT Dianor
","Avril 2017
Assurance auto : Comparez","4x4 - SUV","Diesel","29 831
km","4 portes avec hayon","5
places","19 990 €","5
CV","110
Ch","Manuelle","3.9
litres / 100 km","103
g/km",NA,NA
"180","https://www.paruvendu.fr/a/voiture-occasion/renault/kadjar/1228492013A1KVVOREKAD",0,"Renault occasion","Kadjar","","
53 rue du Dronckaert59223 RONCQ
","
RENAULT Dianor
","Juin 2018
Assurance auto : Comparez","4x4 - SUV","Essence","9
km","4 portes avec hayon","5
places","21 990 €","7
CV","130
Ch","Manuelle","5.6
litres / 100 km","126
g/km",NA,NA
"181","https://www.paruvendu.fr/a/voiture-occasion/renault/kadjar/1228699413A1KVVOREKAD",0,"Renault occasion","Kadjar","","
53 rue du Dronckaert59223 RONCQ
","
RENAULT Dianor
","Mai 2018
Assurance auto : Comparez","4x4 - SUV","Diesel","9 900
km","4 portes avec hayon","5
places","23 990 €","5
CV","110
Ch","Manuelle","3.8
litres / 100 km","99
g/km",NA,NA
"182","https://www.paruvendu.fr/a/voiture-occasion/mini/cooper/1225143331A1KVVOMCCOO",0,"Mini occasion","Cooper","","
59 rue Jacques Prévert33700 MERIGNAC
","
BMW Bayern Automobiles
","Février 2018
Assurance auto : Comparez","Berline","Essence","6 000
km","2 portes avec hayon","4
places","25 990 €","7
CV","136
Ch","Automatique",NA,NA,NA,NA
"183","https://www.paruvendu.fr/a/voiture-occasion/renault/scenic/1228492010A1KVVORESCE",0,"Renault occasion","Scénic","","
53 rue du Dronckaert59223 RONCQ
","
RENAULT Dianor
","Juin 2018
Assurance auto : Comparez","Monospace","Diesel","10
km","4 portes avec hayon","5
places","26 690 €","7
CV","130
Ch","Manuelle",NA,NA,NA,NA
"184","https://www.paruvendu.fr/a/voiture-occasion/peugeot/3008/1228491947A1KVVOPE3M8",0,"Peugeot occasion","3008","","
7 route de Bayonne BP 35064141 BILLERE
","
PEUGEOT ABCIS Pyrenees
","Juillet 2018
Assurance auto : Comparez","4x4 - SUV","Essence","10
km","4 portes avec hayon","5
places","28 400 €","7
CV","131
Ch","Manuelle",NA,NA,NA,NA
"185","https://www.paruvendu.fr/a/voiture-occasion/mini/countryman/1229637091A1KVVOMCMIN",0,"Mini occasion","Countryman","","
59 rue Jacques Prévert33700 MERIGNAC
","
BMW Bayern Automobiles
","Mars 2018
Assurance auto : Comparez","4x4 - SUV","Essence","19 463
km","4 portes avec hayon","5
places","29 990 €","8
CV","136
Ch","Automatique",NA,NA,NA,NA
"186","https://www.paruvendu.fr/a/voiture-occasion/ford/ranger/1229618797A1KVVOFORAN",0,"Ford occasion","Ranger","","
18 RUE ANATOLE FRANCE71200 FRANCE
","
GARAGE LECAT ET FILS
","2018
Assurance auto : Comparez","Berline","Diesel","3 000
km","4 portes",NA,"33 990 €",NA,NA,"Automatique",NA,NA,NA,""
"187","https://www.paruvendu.fr/a/voiture-occasion/bmw/x3/1229313659A1KVVOBMX3",0,"BMW occasion","X3","","
59 rue Jacques Prévert33700 MERIGNAC
","
BMW Bayern Automobiles
","Avril 2016
Assurance auto : Comparez","4x4 - SUV","Diesel","96 775
km","4 portes avec hayon","5
places","34 580 €","16
CV","258
Ch","Automatique",NA,NA,NA,NA
"188","https://www.paruvendu.fr/a/voiture-occasion/bmw/x4/1228854344A1KVVOBMX4",0,"BMW occasion","X4","","
18 RUE ANATOLE FRANCE71200 FRANCE
","
GARAGE LECAT ET FILS
","2018
Assurance auto : Comparez","Break","Diesel","6 500
km","4 portes avec hayon",NA,"43 900 €",NA,NA,"Automatique",NA,NA,NA,""
"189","https://www.paruvendu.fr/a/voiture-occasion/bmw/x4/1225352749A1KVVOBMX4",0,"BMW occasion","X4","","
18 RUE ANATOLE FRANCE71200 FRANCE
","
GARAGE LECAT ET FILS
","2018
Assurance auto : Comparez","Break","Diesel","6 500
km","4 portes avec hayon",NA,"43 900 €",NA,NA,"Automatique",NA,NA,NA,""
"190","https://www.paruvendu.fr/a/voiture-occasion/bmw/serie-6/1229254639A1KVVOBMS6",0,"BMW occasion","Série 6","","
59 rue Jacques Prévert33700 MERIGNAC
","
BMW Bayern Automobiles
","Décembre 2015
Assurance auto : Comparez","Coupé","Essence","34 378
km","2 portes","4
places","63 990 €","34
CV","449
Ch","Automatique",NA,NA,NA,NA
"191","https://www.paruvendu.fr/a/voiture-occasion/bmw/serie-6/1225143329A1KVVOBMS6",0,"BMW occasion","Série 6","","
59 rue Jacques Prévert33700 MERIGNAC
","
BMW Bayern Automobiles
","Janvier 2018
Assurance auto : Comparez","Berline","Diesel","8 000
km","4 portes avec hayon","5
places","79 890 €","16
CV","265
Ch","Automatique",NA,NA,NA,NA
"192","https://www.paruvendu.fr/a/voiture-occasion/bmw/serie-6/1229355598A1KVVOBMS6",0,"BMW occasion","Série 6","","
59 rue Jacques Prévert33700 MERIGNAC
","
BMW Bayern Automobiles
","Août 2018
Assurance auto : Comparez","Berline","Diesel","6 000
km","4 portes avec hayon","5
places","84 290 €","16
CV","265
Ch","Automatique","5.8
litres / 100 km","154
g/km",NA,NA
"193","https://www.paruvendu.fr/a/voiture-occasion/bmw/serie-7/1228470352A1KVVOBMS7",0,"BMW occasion","Série 7","","
59 rue Jacques Prévert33700 MERIGNAC
","
BMW Bayern Automobiles
","Juin 2018
Assurance auto : Comparez","Berline","Diesel","6 000
km","4 portes","5
places","93 890 €","15
CV","265
Ch","Automatique",NA,NA,NA,NA
"194","https://www.paruvendu.fr/a/voiture-occasion/bmw/i8/1221714371A1KVVOBMI8",0,"BMW occasion","i8","","
59 rue Jacques Prévert33700 MERIGNAC
","
BMW Bayern Automobiles
","Septembre 2017
Assurance auto : Comparez",NA,NA,"12 000
km",NA,"4
places","134 900 €","11
CV","231
Ch",NA,NA,NA,NA,NA
"195","https://www.paruvendu.fr/a/voiture-occasion/renault/clio/1229504323A1KVVORECLI",0,"Renault occasion","Clio","","
125 Chemin des Gli?res73230 SAINT ALBAN LEYSSE
","
RENAULT Duverney Saint Alban Leysse
","Mars 2015
Assurance auto : Comparez","Véhicule de société","Diesel","60 624
km","4 portes avec hayon","2
places","6 990 €","6
CV","90
Ch","Manuelle",NA,"105
g/km",NA,""
"196","https://www.paruvendu.fr/a/voiture-occasion/renault/captur/1229877591A1KVVORECAP",0,"Renault occasion","Captur","","
2 rue du Colonel Fabien51100 REIMS
","
RENAULT Pont de Vesles Auto
","Août 2014
Assurance auto : Comparez","4x4 - SUV","Diesel","130 433
km","4 portes avec hayon","5
places","8 990 €","5
CV","90
Ch","Automatique",NA,NA,NA,NA
"197","https://www.paruvendu.fr/a/voiture-occasion/dacia/duster/1229877590A1KVVODCDUS",0,"Dacia occasion","Duster","","
2 rue du Colonel Fabien51100 REIMS
","
RENAULT Pont de Vesles Auto
","Janvier 2012
Assurance auto : Comparez","4x4 - SUV","Diesel","110 432
km","4 portes avec hayon","5
places","8 990 €","6
CV","110
Ch","Manuelle",NA,NA,NA,NA
"198","https://www.paruvendu.fr/a/voiture-occasion/alfa-romeo/giulietta/1228999754A1KVVOALGIU",0,"Alfa Romeo occasion","Giulietta","","
2 rue du Colonel Fabien51100 REIMS
","
RENAULT Pont de Vesles Auto
","Septembre 2013
Assurance auto : Comparez","Berline","Diesel","84 430
km","4 portes avec hayon","5
places","10 890 €","5
CV","105
Ch","Manuelle",NA,NA,NA,NA
"199","https://www.paruvendu.fr/a/voiture-occasion/nissan/qashqai/1229126951A1KVVONIQAS",0,"Nissan occasion","Qashqai","","
149 Av Du 8 Mai 1945 BP 107986000 POITIERS
","
PEUGEOT SCAP
","Octobre 2012
Assurance auto : Comparez","4x4 - SUV","Diesel","94 217
km","4 portes avec hayon","5
places","11 999 €","6
CV","110
Ch","Manuelle",NA,NA,NA,NA
"200","https://www.paruvendu.fr/a/voiture-occasion/renault/twingo/1229504332A1KVVORETWI",0,"Renault occasion","Twingo","","
125 Chemin des Gli?res73230 SAINT ALBAN LEYSSE
","
RENAULT Duverney Saint Alban Leysse
","Mars 2017
Assurance auto : Comparez","Berline","Essence","9 251
km","4 portes avec hayon","4
places","12 990 €","5
CV","90
Ch","Automatique",NA,NA,NA,NA
"201","https://www.paruvendu.fr/a/voiture-occasion/dacia/sandero/1228999771A1KVVODCSAN",0,"Dacia occasion","Sandero","","
2 rue du Colonel Fabien51100 REIMS
","
RENAULT Pont de Vesles Auto
","Janvier 2018
Assurance auto : Comparez","Berline","Diesel","11 564
km","4 portes avec hayon","5
places","13 480 €","4
CV","90
Ch","Manuelle",NA,NA,NA,NA
"202","https://www.paruvendu.fr/a/voiture-occasion/renault/clio/1229907273A1KVVORECLI",0,"Renault occasion","Clio","","
CHEMIN DE NOVITAL ZONE INDUSTRIELLE DE LA POINTE31150 France
","
OXYLIO TOULOUSE
","2017
Assurance auto : Comparez","Break","Essence","8 475
km","4 portes avec hayon",NA,"13 970 €",NA,NA,"Manuelle",NA,NA,"12 mois",NA
"203","https://www.paruvendu.fr/a/voiture-occasion/renault/clio/1229904220A1KVVORECLI",0,"Renault occasion","Clio","","
125 Chemin des Gli?res73230 SAINT ALBAN LEYSSE
","
RENAULT Duverney Saint Alban Leysse
","Juin 2017
Assurance auto : Comparez","Berline","Essence","5 012
km","4 portes avec hayon","5
places","13 990 €","5
CV","90
Ch","Manuelle",NA,NA,NA,NA
"204","https://www.paruvendu.fr/a/voiture-occasion/fiat/500-x/1229790087A1KVVOFI50X",0,"Fiat occasion","500 X","","
125 Chemin des Gli?res73230 SAINT ALBAN LEYSSE
","
RENAULT Duverney Saint Alban Leysse
","Novembre 2015
Assurance auto : Comparez","4x4 - SUV","Diesel","82 560
km","4 portes avec hayon","5
places","13 990 €","6
CV","120
Ch","Manuelle",NA,NA,NA,NA
"205","https://www.paruvendu.fr/a/voiture-occasion/ford/kuga/1229904079A1KVVOFOKUG",0,"Ford occasion","Kuga","","
9 Rue Alain Bombard80136 RIVERY
","
AUDI Premium Picardie
","Juin 2014
Assurance auto : Comparez","4x4 - SUV","Diesel","107 137
km","4 portes avec hayon","5
places","15 990 €","8
CV","140
Ch","Automatique",NA,NA,NA,NA
"206","https://www.paruvendu.fr/a/voiture-occasion/nissan/juke/1229104600A1KVVONIJUK",0,"Nissan occasion","Juke","","
CHEMIN DE NOVITAL ZONE INDUSTRIELLE DE LA POINTE31150 France
","
OXYLIO TOULOUSE
","2018
Assurance auto : Comparez","Berline","Essence","10
km","4 portes avec hayon",NA,"16 470 €",NA,NA,"Manuelle",NA,NA,"35 mois",NA
"207","https://www.paruvendu.fr/a/voiture-occasion/renault/captur/1228851410A1KVVORECAP",0,"Renault occasion","Captur","","
125 Chemin des Gli?res73230 SAINT ALBAN LEYSSE
","
RENAULT Duverney Saint Alban Leysse
","Février 2018
Assurance auto : Comparez","4x4 - SUV","Essence","5 000
km","4 portes avec hayon","5
places","16 990 €","5
CV","90
Ch","Manuelle",NA,NA,NA,NA
"208","https://www.paruvendu.fr/a/voiture-occasion/citroen/c4-picasso/1229879498A1KVVOCIC4P",0,"Citroën occasion","C4 Picasso","","
CHEMIN DE NOVITAL ZONE INDUSTRIELLE DE LA POINTE31150 France
","
OXYLIO TOULOUSE
","2017
Assurance auto : Comparez","Break","Diesel","48 954
km","4 portes avec hayon",NA,"17 970 €",NA,NA,"Automatique",NA,NA,"8 mois",NA
"209","https://www.paruvendu.fr/a/voiture-occasion/seat/arona/1229877550A1KVVOSEARN",0,"Seat occasion","Arona","","
9 Rue Alain Bombard80136 RIVERY
","
AUDI Premium Picardie
","2018
Assurance auto : Comparez","4x4 - SUV","Essence","10
km","4 portes avec hayon","5
places","18 500 €","5
CV","95
Ch","Manuelle",NA,NA,NA,NA
"210","https://www.paruvendu.fr/a/voiture-occasion/renault/captur/1228851421A1KVVORECAP",0,"Renault occasion","Captur","","
125 Chemin des Gli?res73230 SAINT ALBAN LEYSSE
","
RENAULT Duverney Saint Alban Leysse
","Juin 2018
Assurance auto : Comparez","4x4 - SUV","Essence","5 000
km","4 portes avec hayon","5
places","18 890 €","6
CV","120
Ch","Manuelle",NA,NA,NA,NA
"211","https://www.paruvendu.fr/a/voiture-occasion/peugeot/2008/1229053355A1KVVOPE2M8",0,"Peugeot occasion","2008","","
CHEMIN DE NOVITAL ZONE INDUSTRIELLE DE LA POINTE31150 France
","
OXYLIO TOULOUSE
","2018
Assurance auto : Comparez","Berline","Essence","4 064
km","4 portes avec hayon",NA,"19 490 €",NA,NA,"Automatique",NA,NA,"19 mois",NA
"212","https://www.paruvendu.fr/a/voiture-occasion/renault/kadjar/1228806830A1KVVOREKAD",0,"Renault occasion","Kadjar","","
125 Chemin des Gli?res73230 SAINT ALBAN LEYSSE
","
RENAULT Duverney Saint Alban Leysse
","Novembre 2015
Assurance auto : Comparez","4x4 - SUV","Diesel","34 154
km","4 portes avec hayon","5
places","19 790 €","7
CV","130
Ch","Manuelle","4.9
litres / 100 km","129
g/km",NA,NA
"213","https://www.paruvendu.fr/a/voiture-occasion/peugeot/208/1229790244A1KVVOPE208",0,"Peugeot occasion","208","","
149 Av Du 8 Mai 1945 BP 107986000 POITIERS
","
PEUGEOT SCAP
","Août 2018
Assurance auto : Comparez","Berline","Essence","3
km","4 portes avec hayon","5
places","19 999 €","5
CV","110
Ch","Automatique",NA,NA,NA,NA
"214","https://www.paruvendu.fr/a/voiture-occasion/renault/grand-scenic-iv/1229907153A1KVVOREGS4",0,"Renault occasion","Grand scenic IV","","
RN 109 ROUTE DE MONTPELLIER34725 France
","
OXYLIO
","2017
Assurance auto : Comparez","Break","Diesel","13 161
km","4 portes avec hayon",NA,"20 370 €",NA,NA,"Automatique",NA,NA,"12 mois",NA
"215","https://www.paruvendu.fr/a/voiture-occasion/renault/grand-scenic-iv/1229907276A1KVVOREGS4",0,"Renault occasion","Grand scenic IV","","
CHEMIN DE NOVITAL ZONE INDUSTRIELLE DE LA POINTE31150 France
","
OXYLIO TOULOUSE
","2017
Assurance auto : Comparez","Break","Diesel","18 429
km","4 portes avec hayon",NA,"21 470 €",NA,NA,"Manuelle",NA,NA,"6 mois",NA
"216","https://www.paruvendu.fr/a/voiture-occasion/jeep/renegade/1229879496A1KVVOJEREN",0,"Jeep occasion","Renegade","","
CHEMIN DE NOVITAL ZONE INDUSTRIELLE DE LA POINTE31150 France
","
OXYLIO TOULOUSE
","2018
Assurance auto : Comparez",NA,"Diesel","10
km","4 portes avec hayon",NA,"22 970 €",NA,NA,"Manuelle",NA,NA,"20 mois",""
"217","https://www.paruvendu.fr/a/voiture-occasion/seat/ateca/1229535641A1KVVOSEATC",1,NA,NA,NA,NA,NA,NA,NA,NA,NA,NA,NA,NA,NA,NA,NA,NA,NA,NA,NA
"218","https://www.paruvendu.fr/a/voiture-occasion/nissan/qashqai/1229907279A1KVVONIQAS",0,"Nissan occasion","Qashqai","","
CHEMIN DE NOVITAL ZONE INDUSTRIELLE DE LA POINTE31150 France
","
OXYLIO TOULOUSE
","2018
Assurance auto : Comparez",NA,"Essence","10
km","4 portes avec hayon",NA,"23 470 €",NA,NA,"Manuelle",NA,NA,"34 mois",""
"219","https://www.paruvendu.fr/a/voiture-occasion/nissan/qashqai/1229907274A1KVVONIQAS",0,"Nissan occasion","Qashqai","","
CHEMIN DE NOVITAL ZONE INDUSTRIELLE DE LA POINTE31150 France
","
OXYLIO TOULOUSE
","2018
Assurance auto : Comparez",NA,"Essence","10
km","4 portes avec hayon",NA,"23 470 €",NA,NA,"Manuelle",NA,NA,"34 mois",""
"220","https://www.paruvendu.fr/a/voiture-occasion/audi/rs4/1229904142A1KVVOAURS4",0,"Audi occasion","RS4","","
2 rue du Colonel Fabien51100 REIMS
","
RENAULT Pont de Vesles Auto
","Mars 2010
Assurance auto : Comparez","Break","Essence","88 647
km","4 portes avec hayon","5
places","24 490 €","23
CV","333
Ch","Automatique",NA,NA,NA,NA
"221","https://www.paruvendu.fr/a/voiture-occasion/volkswagen/touran/1229904083A1KVVOVWTOU",0,"Volkswagen occasion","Touran","","
9 Rue Alain Bombard80136 RIVERY
","
AUDI Premium Picardie
","Février 2018
Assurance auto : Comparez","Monospace","Essence","22 499
km","4 portes avec hayon","7
places","24 990 €","8
CV","150
Ch","Manuelle",NA,NA,NA,NA
"222","https://www.paruvendu.fr/a/voiture-occasion/jaguar/xe/1229904082A1KVVOJAXE",0,"Jaguar occasion","XE","","
9 Rue Alain Bombard80136 RIVERY
","
AUDI Premium Picardie
","Mai 2016
Assurance auto : Comparez","Berline","Diesel","51 513
km","4 portes","5
places","25 990 €","9
CV","180
Ch","Automatique",NA,NA,NA,NA
"223","https://www.paruvendu.fr/a/voiture-occasion/bmw/x1/1229904080A1KVVOBMX1",0,"BMW occasion","X1","","
9 Rue Alain Bombard80136 RIVERY
","
AUDI Premium Picardie
","Mars 2016
Assurance auto : Comparez","4x4 - SUV","Diesel","52 227
km","4 portes avec hayon","5
places","25 990 €","7
CV","150
Ch","Manuelle",NA,NA,NA,NA
"224","https://www.paruvendu.fr/a/voiture-occasion/renault/kadjar/1229790097A1KVVOREKAD",0,"Renault occasion","Kadjar","","
125 Chemin des Gli?res73230 SAINT ALBAN LEYSSE
","
RENAULT Duverney Saint Alban Leysse
","Juin 2018
Assurance auto : Comparez","4x4 - SUV","Essence","2 500
km","4 portes avec hayon","5
places","26 390 €","7
CV","130
Ch","Automatique","5.8
litres / 100 km","132
g/km",NA,NA
"225","https://www.paruvendu.fr/a/voiture-occasion/renault/grand-scenic-iv/1229907154A1KVVOREGS4",0,"Renault occasion","Grand scenic IV","","
RN 109 ROUTE DE MONTPELLIER34725 France
","
OXYLIO
","2018
Assurance auto : Comparez","Break","Essence","10
km","4 portes avec hayon",NA,"27 970 €",NA,NA,"Automatique",NA,NA,"24 mois",NA
"226","https://www.paruvendu.fr/a/voiture-occasion/renault/scenic/1228851420A1KVVORESCE",0,"Renault occasion","Scénic","","
125 Chemin des Gli?res73230 SAINT ALBAN LEYSSE
","
RENAULT Duverney Saint Alban Leysse
","Juin 2018
Assurance auto : Comparez","Monospace","Essence","5 000
km","4 portes avec hayon","5
places","28 990 €","9
CV","163
Ch","Automatique","6.2
litres / 100 km","139
g/km",NA,NA
"227","https://www.paruvendu.fr/a/voiture-occasion/peugeot/3008/1227691115A1KVVOPE3M8",0,"Peugeot occasion","3008","","
149 Av Du 8 Mai 1945 BP 107986000 POITIERS
","
PEUGEOT SCAP
","Juin 2018
Assurance auto : Comparez","4x4 - SUV","Diesel","5 724
km","4 portes avec hayon","5
places","28 999 €","6
CV","130
Ch","Manuelle",NA,"106
g/km",NA,""
"228","https://www.paruvendu.fr/a/voiture-occasion/peugeot/3008/1229807433A1KVVOPE3M8",1,NA,NA,NA,NA,NA,NA,NA,NA,NA,NA,NA,NA,NA,NA,NA,NA,NA,NA,NA
"229","https://www.paruvendu.fr/a/voiture-occasion/peugeot/5008/1229790236A1KVVOPE5M8",0,"Peugeot occasion","5008","","
149 Av Du 8 Mai 1945 BP 107986000 POITIERS
","
PEUGEOT SCAP
","Mai 2018
Assurance auto : Comparez","4x4 - SUV","Essence","4
km","4 portes avec hayon","7
places","30 999 €","7
CV","131
Ch","Manuelle",NA,NA,NA,NA
"230","https://www.paruvendu.fr/a/voiture-occasion/peugeot/3008/1229790241A1KVVOPE3M8",0,"Peugeot occasion","3008","","
149 Av Du 8 Mai 1945 BP 107986000 POITIERS
","
PEUGEOT SCAP
","Juin 2018
Assurance auto : Comparez","4x4 - SUV","Diesel","7 715
km","4 portes avec hayon","5
places","31 999 €","6
CV","130
Ch","Manuelle",NA,"106
g/km",NA,""
"231","https://www.paruvendu.fr/a/voiture-occasion/peugeot/3008/1229255728A1KVVOPE3M8",0,"Peugeot occasion","3008","","
149 Av Du 8 Mai 1945 BP 107986000 POITIERS
","
PEUGEOT SCAP
","Août 2018
Assurance auto : Comparez","4x4 - SUV","Essence","10
km","4 portes avec hayon","5
places","31 999 €","9
CV","165
Ch","Automatique",NA,NA,NA,NA
"232","https://www.paruvendu.fr/a/voiture-occasion/peugeot/5008/1229790240A1KVVOPE5M8",0,"Peugeot occasion","5008","","
149 Av Du 8 Mai 1945 BP 107986000 POITIERS
","
PEUGEOT SCAP
","Juin 2018
Assurance auto : Comparez","4x4 - SUV","Diesel","7 212
km","4 portes avec hayon","7
places","33 999 €","6
CV","130
Ch","Manuelle",NA,NA,NA,NA
"233","https://www.paruvendu.fr/a/voiture-occasion/peugeot/3008/1229255729A1KVVOPE3M8",0,"Peugeot occasion","3008","","
149 Av Du 8 Mai 1945 BP 107986000 POITIERS
","
PEUGEOT SCAP
","Août 2018
Assurance auto : Comparez","4x4 - SUV","Diesel","1 000
km","4 portes avec hayon","5
places","37 999 €","9
CV","181
Ch","Automatique",NA,"124
g/km",NA,""
"234","https://www.paruvendu.fr/a/voiture-occasion/audi/q5/1229355653A1KVVOAUQ5",0,"Audi occasion","Q5","","
9 Rue Alain Bombard80136 RIVERY
","
AUDI Premium Picardie
","Septembre 2018
Assurance auto : Comparez","4x4 - SUV","Diesel","4 000
km","4 portes avec hayon","5
places","62 990 €","10
CV","190
Ch","Automatique",NA,NA,NA,NA
"235","https://www.paruvendu.fr/a/voiture-occasion/citroen/c4-picasso/1225278730A1KVVOCIC4P",0,"Citroën occasion","C4 Picasso","","
820 RUE DES MADELEINES ZONE ARTISANALE DE LA HAUTE BORNE BP 30077 MAREUIL LES MEAUX77100 FRANCE
","
DANIEL AUTOMOBILES
","2008
Assurance auto : Comparez","Break","Diesel","122 388
km","4 portes avec hayon",NA,"6 990 €",NA,NA,"Manuelle",NA,NA,"3 mois",NA
"236","https://www.paruvendu.fr/a/voiture-occasion/peugeot/308/1229637394A1KVVOPE308",0,"Peugeot occasion","308","","
100 avenue Anatole Thevenet51200 MAGENTA
","
RENAULT Automotor Epernay
","Septembre 2011
Assurance auto : Comparez","Berline","Diesel","74 355
km","4 portes avec hayon","5
places","9 490 €","5
CV","112
Ch","Automatique",NA,NA,NA,NA
"237","https://www.paruvendu.fr/a/voiture-occasion/renault/clio/1229907406A1KVVORECLI",0,"Renault occasion","Clio","","
25 CHEMIN DE MARTICOT33610 France
","
OXYLIO BORDEAUX
","2017
Assurance auto : Comparez","Berline","Essence","10
km","4 portes avec hayon",NA,"10 270 €",NA,NA,"Manuelle",NA,NA,"24 mois",NA
"238","https://www.paruvendu.fr/a/voiture-occasion/renault/clio/1229907409A1KVVORECLI",0,"Renault occasion","Clio","","
25 CHEMIN DE MARTICOT33610 France
","
OXYLIO BORDEAUX
","2016
Assurance auto : Comparez","Berline","Diesel","34 768
km","4 portes avec hayon",NA,"10 570 €",NA,NA,"Manuelle",NA,NA,"1 mois",NA
"239","https://www.paruvendu.fr/a/voiture-occasion/mitsubishi/space-star/1229907237A1KVVOMISST",0,"Mitsubishi occasion","Space Star","","
820 RUE DES MADELEINES ZONE ARTISANALE DE LA HAUTE BORNE BP 30077 MAREUIL LES MEAUX77100 FRANCE
","
DANIEL AUTOMOBILES
","2018
Assurance auto : Comparez","Berline","Essence","100
km","4 portes avec hayon",NA,"10 790 €",NA,NA,"Manuelle",NA,NA,NA,""
"240","https://www.paruvendu.fr/a/voiture-occasion/ford/grand-c-max/1227860307A1KVVOFOGCM",0,"Ford occasion","Grand C-MAX","","
820 RUE DES MADELEINES ZONE ARTISANALE DE LA HAUTE BORNE BP 30077 MAREUIL LES MEAUX77100 FRANCE
","
DANIEL AUTOMOBILES
","2012
Assurance auto : Comparez","Break","Diesel","106 260
km","4 portes avec hayon",NA,"10 990 €",NA,NA,"Manuelle",NA,NA,"6 mois",NA
"241","https://www.paruvendu.fr/a/voiture-occasion/renault/clio/1229907403A1KVVORECLI",0,"Renault occasion","Clio","","
25 CHEMIN DE MARTICOT33610 France
","
OXYLIO BORDEAUX
","2016
Assurance auto : Comparez","Berline","Diesel","21 328
km","4 portes avec hayon",NA,"11 270 €",NA,NA,"Manuelle",NA,NA,"2 mois",NA
"242","https://www.paruvendu.fr/a/voiture-occasion/peugeot/208/1229907407A1KVVOPE208",0,"Peugeot occasion","208","","
25 CHEMIN DE MARTICOT33610 France
","
OXYLIO BORDEAUX
","2017
Assurance auto : Comparez","Berline","Essence","20 366
km","4 portes avec hayon",NA,"11 490 €",NA,NA,"Manuelle",NA,NA,"14 mois",NA
"243","https://www.paruvendu.fr/a/voiture-occasion/renault/clio/1228999819A1KVVORECLI",0,"Renault occasion","Clio","","
100 avenue Anatole Thevenet51200 MAGENTA
","
RENAULT Automotor Epernay
","Janvier 2017
Assurance auto : Comparez","Berline","Diesel","26 096
km","4 portes avec hayon","5
places","11 990 €","4
CV","75
Ch","Manuelle",NA,NA,NA,NA
"244","https://www.paruvendu.fr/a/voiture-occasion/peugeot/108/1229637408A1KVVOPE108",0,"Peugeot occasion","108","","
100 avenue Anatole Thevenet51200 MAGENTA
","
RENAULT Automotor Epernay
","Mars 2018
Assurance auto : Comparez","Berline","Essence","4 209
km","4 portes avec hayon","4
places","12 990 €","4
CV","82
Ch","Manuelle",NA,NA,NA,NA
"245","https://www.paruvendu.fr/a/voiture-occasion/skoda/yeti/1229618672A1KVVOSKYET",0,"Skoda occasion","Yeti","","
820 RUE DES MADELEINES ZONE ARTISANALE DE LA HAUTE BORNE BP 30077 MAREUIL LES MEAUX77100 FRANCE
","
DANIEL AUTOMOBILES
","2014
Assurance auto : Comparez","Break","Diesel","93 475
km","4 portes avec hayon",NA,"12 990 €",NA,NA,"Manuelle",NA,NA,"6 mois",NA
"246","https://www.paruvendu.fr/a/voiture-occasion/renault/captur/1228470492A1KVVORECAP",0,"Renault occasion","Captur","","
100 avenue Anatole Thevenet51200 MAGENTA
","
RENAULT Automotor Epernay
","Février 2017
Assurance auto : Comparez","4x4 - SUV","Diesel","36 623
km","4 portes avec hayon","5
places","12 990 €","4
CV","90
Ch","Manuelle",NA,NA,NA,NA
"247","https://www.paruvendu.fr/a/voiture-occasion/peugeot/208/1229903735A1KVVOPE208",0,"Peugeot occasion","208","","
27 Avenue du Brézet63017 CLERMONT-FERRAND
","
PEUGEOT ABCIS Clermond-Ferrand
","Novembre 2017
Assurance auto : Comparez","Berline","Essence","11 085
km","4 portes avec hayon","5
places","14 490 €","4
CV","82
Ch","Manuelle",NA,NA,NA,NA
"248","https://www.paruvendu.fr/a/voiture-occasion/peugeot/308/1229903731A1KVVOPE308",0,"Peugeot occasion","308","","
27 Avenue du Brézet63017 CLERMONT-FERRAND
","
PEUGEOT ABCIS Clermond-Ferrand
","Août 2015
Assurance auto : Comparez","Berline","Essence","102 082
km","4 portes avec hayon","5
places","14 490 €","5
CV","110
Ch","Manuelle",NA,NA,NA,NA
"249","https://www.paruvendu.fr/a/voiture-occasion/volkswagen/golf/1228851031A1KVVOVWGOL",0,"Volkswagen occasion","Golf","","
27 Avenue du Brézet63017 CLERMONT-FERRAND
","
PEUGEOT ABCIS Clermond-Ferrand
","Octobre 2014
Assurance auto : Comparez","Berline","Diesel","103 081
km","4 portes avec hayon","5
places","14 990 €","8
CV","150
Ch","Automatique",NA,NA,NA,NA
"250","https://www.paruvendu.fr/a/voiture-occasion/peugeot/208/1228806441A1KVVOPE208",0,"Peugeot occasion","208","","
27 Avenue du Brézet63017 CLERMONT-FERRAND
","
PEUGEOT ABCIS Clermond-Ferrand
","Novembre 2017
Assurance auto : Comparez","Berline","Diesel","17 465
km","4 portes avec hayon","5
places","14 990 €","5
CV","99
Ch","Manuelle",NA,NA,NA,NA
