"","url","is_listing_deleted","brand","modele","address_particulier","address_pro","name_pro","Année","Carrosserie","Emissions de CO2","Energie","Garantie mécanique","Kilométrage","Nb de portes","Nombre de places","Prix","Puissance fiscale","Puissance réelle","Transmission","V1","Autres informations","Consommation mixte"
"1","https://www.paruvendu.fr/a/voiture-occasion/renault/captur/1228607501A1KVVORECAP",0,"Renault occasion","Captur","","
1, Rue Réaumur26100 Romans-sur-Isère
","
RENAULT ROMANS
","Mai 2016
Assurance auto : Comparez","Break","113
g/km","Essence","2 mois","35 254
km","4 portes avec hayon","5
places","14 490 €","5
CV","90
Ch","Manuelle",NA,NA,NA
"2","https://www.paruvendu.fr/a/voiture-occasion/citroen/c4-picasso/1228607499A1KVVOCIC4P",0,"Citroën occasion","C4 Picasso","","
1, Rue Réaumur26100 Romans-sur-Isère
","
RENAULT ROMANS
","Mai 2015
Assurance auto : Comparez","Monospace","102
g/km","Diesel","3 - 06 - cs + 6 mois","99 304
km","4 portes avec hayon","5
places","15 490 €","7
CV","150
Ch","Manuelle",NA,NA,NA
"3","https://www.paruvendu.fr/a/voiture-occasion/dacia/duster/1229959388A1KVVODCDUS",0,"Dacia occasion","Duster","","
1, Rue Réaumur26100 Romans-sur-Isère
","
RENAULT ROMANS
","Octobre 2014
Assurance auto : Comparez","Break","127
g/km","Diesel","3 - 06 - cs + 6 mois","81 434
km","4 portes avec hayon","5
places","11 290 €","6
CV","110
Ch","Manuelle",NA,NA,NA
"4","https://www.paruvendu.fr/a/voiture-occasion/peugeot/2008/1228222317A1KVVOPE2M8",0,"Peugeot occasion","2008","","
1, Rue Réaumur26100 Romans-sur-Isère
","
RENAULT ROMANS
","Avril 2014
Assurance auto : Comparez","Break","104
g/km","Diesel","3 - 06 - cs + 6 mois","77 101
km","4 portes avec hayon","5
places","9 490 €","4
CV","68
Ch","Manuelle",NA,NA,NA
"5","https://www.paruvendu.fr/a/voiture-occasion/nissan/x-trail/1228607495A1KVVONIXTR",0,"Nissan occasion","X-Trail","","
1, Rue Réaumur26100 Romans-sur-Isère
","
RENAULT ROMANS
","Décembre 2016
Assurance auto : Comparez","Break","129
g/km","Diesel","3 - 06 - cs + 6 mois","104 871
km","4 portes avec hayon","5
places","16 290 €","7
CV","130
Ch","Manuelle",NA,NA,NA
"6","https://www.paruvendu.fr/a/voiture-occasion/renault/kadjar/1228242090A1KVVOREKAD",0,"Renault occasion","Kadjar","","
1, Rue Réaumur26100 Romans-sur-Isère
","
RENAULT ROMANS
","Avril 2016
Assurance auto : Comparez","Break","99
g/km","Diesel","3 - 06 - cs + 6 mois","66 491
km","4 portes avec hayon","5
places","16 490 €","5
CV","110
Ch","Manuelle",NA,NA,NA
"7","https://www.paruvendu.fr/a/voiture-occasion/peugeot/308-sw/1226519378A1KVVOPE8SW",0,"Peugeot occasion","308 SW","","
1965 Route départementale 100673490 La Ravoire
","
PEUGEOT LA RAVOIRE
","Juin 2017
Assurance auto : Comparez","Break","112
g/km","Diesel","PREMIUM 12 mois","15 721
km","4 portes avec hayon","5
places","26 990 €","8
CV","150
Ch","Automatique",NA,NA,NA
"8","https://www.paruvendu.fr/a/voiture-occasion/ford/focus/1228242089A1KVVOFOFOC",0,"Ford occasion","Focus","","
1, Rue Réaumur26100 Romans-sur-Isère
","
RENAULT ROMANS
","Avril 2015
Assurance auto : Comparez","Berline","108
g/km","Essence","3 - 06 - cs + 6 mois","51 579
km","4 portes avec hayon","5
places","11 490 €","6
CV","125
Ch","Manuelle",NA,NA,NA
"9","https://www.paruvendu.fr/a/voiture-occasion/citroen/c4/1228242087A1KVVOCIC4",0,"Citroën occasion","C4","","
1, Rue Réaumur26100 Romans-sur-Isère
","
RENAULT ROMANS
","Novembre 2013
Assurance auto : Comparez","Berline","101
g/km","Diesel","3 - 06 - cs + 6 mois","64 338
km","4 portes avec hayon","5
places","11 490 €","6
CV","115
Ch","Semi automatique",NA,NA,NA
"10","https://www.paruvendu.fr/a/voiture-occasion/peugeot/208/1228222313A1KVVOPE208",0,"Peugeot occasion","208","","
1, Rue Réaumur26100 Romans-sur-Isère
","
RENAULT ROMANS
","Juin 2017
Assurance auto : Comparez","Berline","104
g/km","Essence","3 - 06 - cs + 6 mois","34 734
km","4 portes avec hayon","5
places","11 290 €","4
CV","82
Ch","Manuelle",NA,NA,NA
"11","https://www.paruvendu.fr/a/voiture-occasion/renault/clio/1227544522A1KVVORECLI",0,"Renault occasion","Clio","","
1, Rue Réaumur26100 Romans-sur-Isère
","
RENAULT ROMANS
","Mai 2017
Assurance auto : Comparez","Berline","85
g/km","Diesel",NA,"8 165
km","4 portes avec hayon","5
places","16 490 €","4
CV","90
Ch","Manuelle","",NA,NA
"12","https://www.paruvendu.fr/a/voiture-occasion/renault/scenic/1227544521A1KVVORESCE",0,"Renault occasion","Scénic","","
1, Rue Réaumur26100 Romans-sur-Isère
","
RENAULT ROMANS
","Avril 2017
Assurance auto : Comparez","Monospace","129
g/km","Essence",NA,"5 810
km","4 portes avec hayon","5
places","21 990 €","7
CV","130
Ch","Manuelle","",NA,NA
"13","https://www.paruvendu.fr/a/voiture-occasion/peugeot/3008/1228222310A1KVVOPE3M8",0,"Peugeot occasion","3008","","
1, Rue Réaumur26100 Romans-sur-Isère
","
RENAULT ROMANS
","Juin 2015
Assurance auto : Comparez","Break","108
g/km","Diesel","3 - 06 - cs + 6 mois","87 543
km","4 portes avec hayon","5
places","13 290 €","6
CV","120
Ch","Manuelle",NA,NA,NA
"14","https://www.paruvendu.fr/a/voiture-occasion/peugeot/2008/1227985799A1KVVOPE2M8",0,"Peugeot occasion","2008","","
1, Rue Réaumur26100 Romans-sur-Isère
","
RENAULT ROMANS
","Octobre 2014
Assurance auto : Comparez","Break","98
g/km","Diesel","3 - 06 - cs + 6 mois","91 073
km","4 portes avec hayon","5
places","10 790 €","5
CV","92
Ch","Semi automatique",NA,NA,NA
"15","https://www.paruvendu.fr/a/voiture-occasion/renault/captur/1227000633A1KVVORECAP",0,"Renault occasion","Captur","","
1, Rue Réaumur26100 Romans-sur-Isère
","
RENAULT ROMANS
","Février 2017
Assurance auto : Comparez","Break","95
g/km","Diesel",NA,"22 604
km","4 portes avec hayon","5
places","15 490 €","4
CV","90
Ch","Manuelle","",NA,NA
"16","https://www.paruvendu.fr/a/voiture-occasion/renault/clio/1227000629A1KVVORECLI",0,"Renault occasion","Clio","","
1, Rue Réaumur26100 Romans-sur-Isère
","
RENAULT ROMANS
","Mai 2017
Assurance auto : Comparez","Berline","105
g/km","Essence",NA,"16 465
km","4 portes avec hayon","5
places","13 490 €","5
CV","90
Ch","Manuelle","",NA,NA
"17","https://www.paruvendu.fr/a/voiture-occasion/renault/megane/1228607489A1KVVOREMEG",0,"Renault occasion","Mégane","","
1, Rue Réaumur26100 Romans-sur-Isère
","
RENAULT ROMANS
","Mars 2017
Assurance auto : Comparez","Berline","95
g/km","Diesel","2 mois","31 419
km","4 portes avec hayon","5
places","16 490 €","5
CV","110
Ch","Manuelle",NA,NA,NA
"18","https://www.paruvendu.fr/a/voiture-occasion/mercedes/classe-b/1230017978A1KVVOMEB",0,"Mercedes occasion","Classe B","","
14, Boulevard Edouard Herriot01000 Bourg-en-Bresse
","
RENAULT BOURG EN BRESSE
","Février 2014
Assurance auto : Comparez","Monospace","108
g/km","Diesel","Garantie OR 12 mois","31 622
km","4 portes avec hayon","5
places","15 990 €","6
CV","109
Ch","Manuelle",NA,NA,NA
"19","https://www.paruvendu.fr/a/voiture-occasion/renault/megane/1227333658A1KVVOREMEG",0,"Renault occasion","Mégane","","
1, Rue Réaumur26100 Romans-sur-Isère
","
RENAULT ROMANS
","Mars 2017
Assurance auto : Comparez","Berline","95
g/km","Diesel","2 mois","33 650
km","4 portes avec hayon","5
places","16 990 €","5
CV","110
Ch","Manuelle",NA,NA,NA
"20","https://www.paruvendu.fr/a/voiture-occasion/renault/captur/1227000606A1KVVORECAP",0,"Renault occasion","Captur","","
1, Rue Réaumur26100 Romans-sur-Isère
","
RENAULT ROMANS
","Janvier 2017
Assurance auto : Comparez","Break","95
g/km","Diesel",NA,"26 771
km","4 portes avec hayon","5
places","15 290 €","4
CV","90
Ch","Manuelle","",NA,NA
"21","https://www.paruvendu.fr/a/voiture-occasion/renault/kadjar/1227985798A1KVVOREKAD",0,"Renault occasion","Kadjar","","
1, Rue Réaumur26100 Romans-sur-Isère
","
RENAULT ROMANS
","Mars 2017
Assurance auto : Comparez","Break","99
g/km","Diesel","2 mois","19 494
km","4 portes avec hayon","5
places","19 990 €","5
CV","110
Ch","Manuelle",NA,NA,NA
"22","https://www.paruvendu.fr/a/voiture-occasion/peugeot/3008/1230017976A1KVVOPE3M8",0,"Peugeot occasion","3008","","
237 Cours de la Libération - BP 234838000 Grenoble
","
SICMA GRENOBLE
","Août 2018
Assurance auto : Comparez","Berline","104
g/km","Diesel","PREMIUM 12 mois","5
km","4 portes avec hayon","5
places","30 990 €","6
CV","120
Ch","Manuelle",NA,NA,NA
"23","https://www.paruvendu.fr/a/voiture-occasion/peugeot/208/1230017975A1KVVOPE208",0,"Peugeot occasion","208","","
237 Cours de la Libération - BP 234838000 Grenoble
","
SICMA GRENOBLE
","Mars 2018
Assurance auto : Comparez","Berline","104
g/km","Essence","PREMIUM 12 mois","19 415
km","4 portes avec hayon","5
places","13 390 €","4
CV","82
Ch","Manuelle",NA,NA,NA
"24","https://www.paruvendu.fr/a/voiture-occasion/peugeot/3008/1230017974A1KVVOPE3M8",0,"Peugeot occasion","3008","","
237 Cours de la Libération - BP 234838000 Grenoble
","
SICMA GRENOBLE
","Février 2013
Assurance auto : Comparez","Berline","125
g/km","Diesel","PRIMO 8 mois","82 503
km","4 portes avec hayon","5
places","11 890 €","6
CV","115
Ch",NA,"",NA,NA
"25","https://www.paruvendu.fr/a/voiture-occasion/renault/megane/1230017973A1KVVOREMEG",0,"Renault occasion","Mégane","","
237 Cours de la Libération - BP 234838000 Grenoble
","
SICMA GRENOBLE
","Mai 2011
Assurance auto : Comparez","Break","106
g/km","Diesel","PRIMO 8 mois","49 459
km","4 portes avec hayon","5
places","8 490 €","5
CV","110
Ch",NA,"",NA,NA
"26","https://www.paruvendu.fr/a/voiture-occasion/peugeot/208/1227000846A1KVVOPE208",0,"Peugeot occasion","208","","
237 Cours de la Libération - BP 234838000 Grenoble
","
SICMA GRENOBLE
","Avril 2015
Assurance auto : Comparez",NA,"88
g/km","Diesel","PREMIUM 12 mois","75 395
km","4 portes avec hayon","2
places","9 290 €","6
CV","92
Ch","Manuelle","",NA,NA
"27","https://www.paruvendu.fr/a/voiture-occasion/peugeot/308/1230017970A1KVVOPE308",0,"Peugeot occasion","308","","
1 Rue Joseph Cugnot - BP 49338300 Bourgoin-Jallieu
","
PEUGEOT BOURGOIN
","Janvier 2018
Assurance auto : Comparez","Berline","92
g/km","Diesel","PREMIUM 12 mois","25 186
km","4 portes avec hayon","5
places","19 990 €","6
CV","130
Ch","Manuelle",NA,NA,NA
"28","https://www.paruvendu.fr/a/voiture-occasion/peugeot/308/1230017969A1KVVOPE308",0,"Peugeot occasion","308","","
1 Rue Joseph Cugnot - BP 49338300 Bourgoin-Jallieu
","
PEUGEOT BOURGOIN
","Janvier 2018
Assurance auto : Comparez","Berline","92
g/km","Diesel","PREMIUM 12 mois","26 855
km","4 portes avec hayon","5
places","19 990 €","6
CV","130
Ch","Manuelle",NA,NA,NA
"29","https://www.paruvendu.fr/a/voiture-occasion/peugeot/3008/1230017968A1KVVOPE3M8",0,"Peugeot occasion","3008","","
256 BOULEVARD DE STALINGRAD94500 Champigny-sur-Marne
","
J.A.T AUTO 
","Février 2012
Assurance auto : Comparez","Monospace","117
g/km","Diesel","GARANTIE3 MOIS M.B.P.OU 5000KM","93 845
km","4 portes avec hayon","5
places","9 480 €","6
CV","112
Ch","Semi automatique",NA,NA,NA
"30","https://www.paruvendu.fr/a/voiture-occasion/audi/q5/1230017967A1KVVOAUQ5",0,"Audi occasion","Q5","","
256 BOULEVARD DE STALINGRAD94500 Champigny-sur-Marne
","
J.A.T AUTO 
","Décembre 2008
Assurance auto : Comparez","4x4 - SUV","197
g/km","Essence","GARANTIE3 MOIS M.B.P.OU 5000KM","95 072
km","4 portes avec hayon","5
places","16 980 €","13
CV","211
Ch","Semi automatique",NA,NA,NA
"31","https://www.paruvendu.fr/a/voiture-occasion/seat/leon/1230017966A1KVVOSELEO",0,"Seat occasion","Leon","","
256 BOULEVARD DE STALINGRAD94500 Champigny-sur-Marne
","
J.A.T AUTO 
","Juin 2015
Assurance auto : Comparez","Break","129
g/km","Diesel","GARANTIE3 MOIS M.B.P.OU 5000KM","81 313
km","4 portes avec hayon","5
places","17 980 €","10
CV","184
Ch","Semi automatique",NA,NA,NA
"32","https://www.paruvendu.fr/a/voiture-occasion/mercedes/classe-gla/1230017965A1KVVOMEGLA",0,"Mercedes occasion","Classe GLA","","
256 BOULEVARD DE STALINGRAD94500 Champigny-sur-Marne
","
J.A.T AUTO 
","Juin 2015
Assurance auto : Comparez","4x4 - SUV","132
g/km","Diesel",NA,"38 150
km","4 portes avec hayon","5
places","27 880 €","7
CV","136
Ch","Semi automatique","",NA,NA
"33","https://www.paruvendu.fr/a/voiture-occasion/bmw/serie-3/1230017964A1KVVOBMS3",0,"BMW occasion","Série 3","","
256 BOULEVARD DE STALINGRAD94500 Champigny-sur-Marne
","
J.A.T AUTO 
","Juin 2012
Assurance auto : Comparez","Berline","185
g/km","Essence","GARANTIE3 MOIS M.B.P.OU 5000KM","99 600
km","2 portes","4
places","19 980 €","13
CV","218
Ch","Automatique",NA,NA,NA
"34","https://www.paruvendu.fr/a/voiture-occasion/volkswagen/polo/1230017963A1KVVOVWPOL",0,"Volkswagen occasion","Polo","","
256 BOULEVARD DE STALINGRAD94500 Champigny-sur-Marne
","
J.A.T AUTO 
","Novembre 2012
Assurance auto : Comparez","Berline","128
g/km","Essence","GARANTIE3 MOIS M.B.P.OU 5000KM","75 831
km","4 portes avec hayon","5
places","7 980 €","4
CV","60
Ch","Manuelle",NA,NA,NA
"35","https://www.paruvendu.fr/a/voiture-occasion/renault/captur/1230017962A1KVVORECAP",0,"Renault occasion","Captur","","
256 BOULEVARD DE STALINGRAD94500 Champigny-sur-Marne
","
J.A.T AUTO 
","Janvier 2014
Assurance auto : Comparez","Monospace","95
g/km","Diesel","GARANTIE3 MOIS M.B.P.OU 5000KM","66 235
km","4 portes avec hayon","5
places","10 980 €","4
CV","90
Ch","Manuelle",NA,NA,NA
"36","https://www.paruvendu.fr/a/voiture-occasion/peugeot/508/1230017961A1KVVOPE508",0,"Peugeot occasion","508","","
12 bis AVENUE DU GENERAL LECLERC92340 Bourg-la-Reine
","
PEUGEOT BOURG LA REINE
","Juillet 2015
Assurance auto : Comparez","Berline","99
g/km","Diesel","PREMIUM 12 mois","100 050
km","4 portes","5
places","13 990 €","6
CV","120
Ch","Automatique",NA,NA,NA
"37","https://www.paruvendu.fr/a/voiture-occasion/peugeot/308/1230017960A1KVVOPE308",0,"Peugeot occasion","308","","
12 bis AVENUE DU GENERAL LECLERC92340 Bourg-la-Reine
","
PEUGEOT BOURG LA REINE
","Mars 2015
Assurance auto : Comparez","Berline","104
g/km","Essence","PREMIUM 12 mois","23 346
km","4 portes avec hayon","5
places","15 490 €","6
CV","130
Ch","Manuelle",NA,NA,NA
"38","https://www.paruvendu.fr/a/voiture-occasion/nissan/micra/1230017943A1KVVONIMIC",0,"Nissan occasion","Micra","","
42-48 rue Picpus75012 Paris
","
GARAGES NATION
","Août 2017
Assurance auto : Comparez","Berline","99
g/km","Essence","Nissan Club Occasions 24 mois","14 732
km","4 portes avec hayon","5
places","12 790 €","4
CV","90
Ch","Manuelle",NA,NA,NA
"39","https://www.paruvendu.fr/a/voiture-occasion/nissan/micra/1230017942A1KVVONIMIC",0,"Nissan occasion","Micra","","
42-48 rue Picpus75012 Paris
","
GARAGES NATION
","Août 2017
Assurance auto : Comparez","Berline","99
g/km","Essence","Nissan Club Occasions 24 mois","13 302
km","4 portes avec hayon","5
places","12 790 €","4
CV","90
Ch","Manuelle",NA,NA,NA
"40","https://www.paruvendu.fr/a/voiture-occasion/nissan/qashqai/1230017941A1KVVONIQAS",1,NA,NA,NA,NA,NA,NA,NA,NA,NA,NA,NA,NA,NA,NA,NA,NA,NA,NA,NA,NA
"41","https://www.paruvendu.fr/a/voiture-occasion/toyota/verso/1229806374A1KVVOTOVER",0,"Toyota occasion","Verso","","
18 ROUTE DE LA FLECHE72300 Sablé-sur-Sarthe
","
GCA TOYOTA SABLE
","Novembre 2014
Assurance auto : Comparez","Monospace","119
g/km","Diesel","Toyota Occasions Plus 12 mois","73 006
km","4 portes avec hayon","5
places","13 990 €","6
CV","112
Ch","Manuelle",NA,NA,NA
"42","https://www.paruvendu.fr/a/voiture-occasion/renault/captur/1230017935A1KVVORECAP",0,"Renault occasion","Captur","","
29 RUE RAYMOND BERTRAND73200 Albertville
","
DVSA RENAULT
","Février 2018
Assurance auto : Comparez","Break","95
g/km","Diesel","Garantie OR 12 mois","15 448
km","4 portes avec hayon","5
places","15 290 €","4
CV","90
Ch","Manuelle",NA,NA,NA
"43","https://www.paruvendu.fr/a/voiture-occasion/renault/captur/1230017936A1KVVORECAP",0,"Renault occasion","Captur","","
29 RUE RAYMOND BERTRAND73200 Albertville
","
DVSA RENAULT
","Février 2018
Assurance auto : Comparez","Break","125
g/km","Essence","Garantie OR 12 mois","10 722
km","4 portes avec hayon","5
places","15 890 €","6
CV","120
Ch","Manuelle",NA,NA,NA
"44","https://www.paruvendu.fr/a/voiture-occasion/volkswagen/golf-sw/1230017937A1KVVOVWGSW",0,"Volkswagen occasion","Golf SW","","
29 RUE RAYMOND BERTRAND73200 Albertville
","
DVSA RENAULT
","Juin 2016
Assurance auto : Comparez","Break","103
g/km","Diesel","Garantie OR 12 mois","31 775
km","4 portes avec hayon","5
places","16 990 €","5
CV","110
Ch","Manuelle",NA,NA,NA
"45","https://www.paruvendu.fr/a/voiture-occasion/renault/clio/1230017932A1KVVORECLI",0,"Renault occasion","Clio","","
29 RUE RAYMOND BERTRAND73200 Albertville
","
DVSA RENAULT
","Juin 2017
Assurance auto : Comparez","Berline","85
g/km","Diesel","Garantie OR 12 mois","12 479
km","4 portes avec hayon","5
places","13 990 €","4
CV","90
Ch","Manuelle",NA,NA,NA
"46","https://www.paruvendu.fr/a/voiture-occasion/renault/captur/1230017934A1KVVORECAP",0,"Renault occasion","Captur","","
29 RUE RAYMOND BERTRAND73200 Albertville
","
DVSA RENAULT
","Février 2018
Assurance auto : Comparez","Break","113
g/km","Essence","Garantie OR 12 mois","15 016
km","4 portes avec hayon","5
places","15 490 €","5
CV","90
Ch","Manuelle",NA,NA,NA
"47","https://www.paruvendu.fr/a/voiture-occasion/dacia/duster/1230017933A1KVVODCDUS",0,"Dacia occasion","Duster","","
29 RUE RAYMOND BERTRAND73200 Albertville
","
DVSA RENAULT
","Septembre 2017
Assurance auto : Comparez","Break","123
g/km","Diesel","Garantie OR 12 mois","14 990
km","4 portes avec hayon","5
places","17 990 €","6
CV","109
Ch","Manuelle",NA,NA,NA
"48","https://www.paruvendu.fr/a/voiture-occasion/peugeot/108/1230017930A1KVVOPE108",0,"Peugeot occasion","108","","
ZI DE BROGLIE - RN 13827300 Bernay
","
MIDI AUTO 27 - BERNAY
","Mai 2016
Assurance auto : Comparez","Berline","95
g/km","Essence","PREMIUM 12 mois","31 218
km","2 portes avec hayon","4
places","7 990 €","4
CV","69
Ch","Manuelle",NA,NA,NA
"49","https://www.paruvendu.fr/a/voiture-occasion/peugeot/2008/1230017929A1KVVOPE2M8",0,"Peugeot occasion","2008","","
ZI DE BROGLIE - RN 13827300 Bernay
","
MIDI AUTO 27 - BERNAY
","Novembre 2015
Assurance auto : Comparez","Break","103
g/km","Essence","PREMIUM 12 mois","23 281
km","4 portes avec hayon","5
places","15 590 €","5
CV","110
Ch","Manuelle",NA,NA,NA
"50","https://www.paruvendu.fr/a/voiture-occasion/citroen/c4-picasso/1230017927A1KVVOCIC4P",0,"Citroën occasion","C4 Picasso","","
11 Chemin de Pelves62000 Arras
","
PEUGEOT SACA ARRAS
","Septembre 2014
Assurance auto : Comparez","Monospace","105
g/km","Diesel","PREMIUM 12 mois","40 589
km","4 portes avec hayon","5
places","14 990 €","6
CV","115
Ch","Manuelle",NA,NA,NA
"51","https://www.paruvendu.fr/a/voiture-occasion/volkswagen/golf/1230017926A1KVVOVWGOL",0,"Volkswagen occasion","Golf","","
12 Rue de la Fontaine Augère91380 Chilly-Mazarin
","
AS CARS SARL
","Décembre 2013
Assurance auto : Comparez","Berline","102
g/km","Diesel","6 mois","149 000
km","4 portes avec hayon","5
places","11 990 €","5
CV","105
Ch","Semi automatique",NA,NA,NA
"52","https://www.paruvendu.fr/a/voiture-occasion/peugeot/108/1230017925A1KVVOPE108",0,"Peugeot occasion","108","","
11 Chemin de Pelves62000 Arras
","
PEUGEOT SACA ARRAS
","Juin 2016
Assurance auto : Comparez","Berline","95
g/km","Essence","PREMIUM 12 mois","6 019
km","4 portes avec hayon","4
places","9 990 €","4
CV","69
Ch","Manuelle",NA,NA,NA
"53","https://www.paruvendu.fr/a/voiture-occasion/renault/clio/1230017924A1KVVORECLI",0,"Renault occasion","Clio","","
11 Chemin de Pelves62000 Arras
","
PEUGEOT SACA ARRAS
","Novembre 2016
Assurance auto : Comparez","Berline","85
g/km","Diesel","PREMIUM 12 mois","30 412
km","4 portes avec hayon","5
places","11 990 €","4
CV","75
Ch","Manuelle",NA,NA,NA
"54","https://www.paruvendu.fr/a/voiture-occasion/peugeot/208/1230017923A1KVVOPE208",0,"Peugeot occasion","208","","
11 Chemin de Pelves62000 Arras
","
PEUGEOT SACA ARRAS
","Juin 2016
Assurance auto : Comparez","Berline","90
g/km","Diesel","PREMIUM 12 mois","33 535
km","4 portes avec hayon","5
places","14 490 €","5
CV","99
Ch","Manuelle",NA,NA,NA
"55","https://www.paruvendu.fr/a/voiture-occasion/nissan/juke/1230017921A1KVVONIJUK",1,NA,NA,NA,NA,NA,NA,NA,NA,NA,NA,NA,NA,NA,NA,NA,NA,NA,NA,NA,NA
"56","https://www.paruvendu.fr/a/voiture-occasion/peugeot/208/1230017919A1KVVOPE208",0,"Peugeot occasion","208","","
142 Avenue du Général de Gaulle33500 Libourne
","
PICARD AUTOS 33
","Janvier 2016
Assurance auto : Comparez","Berline","102
g/km","Essence","PREMIUM 12 mois","32 036
km","4 portes avec hayon","5
places","8 990 €","4
CV","68
Ch","Manuelle",NA,NA,NA
"57","https://www.paruvendu.fr/a/voiture-occasion/bmw/x1/1230017917A1KVVOBMX1",0,"BMW occasion","X1","","
48 bis route de Bergues59210 Coudekerque-Branche
","
BAYERN AUTO SPORT COUDEKERQUE
","Juillet 2013
Assurance auto : Comparez","Break","128
g/km","Diesel","12 mois","73 000
km","4 portes avec hayon","5
places","15 930 €","6
CV","116
Ch","Manuelle",NA,NA,NA
"58","https://www.paruvendu.fr/a/voiture-occasion/bmw/serie-5/1230017916A1KVVOBMS5",0,"BMW occasion","Série 5","","
48 bis route de Bergues59210 Coudekerque-Branche
","
BAYERN AUTO SPORT COUDEKERQUE
","Mai 2018
Assurance auto : Comparez","Berline","171
g/km","Diesel","BMW Premium Selection 24 mois","19 000
km","4 portes","5
places","81 900 €","28
CV","400
Ch","Automatique",NA,NA,NA
"59","https://www.paruvendu.fr/a/voiture-occasion/mercedes/classe-a/1229501514A1KVVOMEA",0,"Mercedes occasion","Classe A","","
131 Rue Nationale57600 Morsbach
","
PAUL KROELY FORBACH
","Juillet 2017
Assurance auto : Comparez","Berline","104
g/km","Diesel","Occasion Millétoile 24 mois","8 532
km","4 portes avec hayon","5
places","23 990 €","5
CV","109
Ch","Semi automatique",NA,NA,NA
"60","https://www.paruvendu.fr/a/voiture-occasion/audi/q8/1230017913A1KVVOAUQ8",0,"Audi occasion","Q8","","
1 rue Jean Michel Haussmann68000 Colmar
","
GARAGE DITTEL
","Septembre 2018
Assurance auto : Comparez","Berline",NA,"Diesel",NA,"239
km",NA,NA,"103 900 €","18
CV","286
Ch",NA,"",NA,NA
"61","https://www.paruvendu.fr/a/voiture-occasion/mercedes/classe-a/1229101079A1KVVOMEA",0,"Mercedes occasion","Classe A","","
131 Rue Nationale57600 Morsbach
","
PAUL KROELY FORBACH
","Juillet 2017
Assurance auto : Comparez","Berline","104
g/km","Diesel","Occasion Millétoile 24 mois","15 264
km","4 portes avec hayon","5
places","23 990 €","5
CV","109
Ch","Semi automatique",NA,NA,NA
"62","https://www.paruvendu.fr/a/voiture-occasion/mercedes/classe-a/1229101077A1KVVOMEA",0,"Mercedes occasion","Classe A","","
131 Rue Nationale57600 Morsbach
","
PAUL KROELY FORBACH
","Juillet 2017
Assurance auto : Comparez","Berline","104
g/km","Diesel","Occasion Millétoile 24 mois","14 165
km","4 portes avec hayon","5
places","23 990 €","5
CV","109
Ch","Semi automatique",NA,NA,NA
"63","https://www.paruvendu.fr/a/voiture-occasion/audi/a1/1229959153A1KVVOAUA1",0,"Audi occasion","A1","","
7 Allée des Portes de la Forêt77090 Collégien
","
ATLAS AUTOMOBILES
","Février 2018
Assurance auto : Comparez","Berline","99
g/km","Diesel","16 mois","14 263
km","4 portes avec hayon","4
places","20 470 €","6
CV","116
Ch","Manuelle",NA,NA,NA
"64","https://www.paruvendu.fr/a/voiture-occasion/audi/a1/1229959151A1KVVOAUA1",0,"Audi occasion","A1","","
7 Allée des Portes de la Forêt77090 Collégien
","
ATLAS AUTOMOBILES
","Février 2018
Assurance auto : Comparez","Berline","99
g/km","Diesel","16 mois","13 315
km","4 portes avec hayon","4
places","20 470 €","6
CV","116
Ch","Manuelle",NA,NA,NA
"65","https://www.paruvendu.fr/a/voiture-occasion/volkswagen/golf/1230017911A1KVVOVWGOL",0,"Volkswagen occasion","Golf","","
1 rue Jean Michel Haussmann68000 Colmar
","
GARAGE DITTEL
","Août 2015
Assurance auto : Comparez","Berline","99
g/km","Diesel","Das WeltAuto Performance 12 mois","81 311
km","4 portes avec hayon","5
places","15 900 €","5
CV","105
Ch","Manuelle",NA,NA,NA
"66","https://www.paruvendu.fr/a/voiture-occasion/lancia/delta/1229873709A1KVVOLCDEL",0,"Lancia occasion","Delta","","
116 avenue Saint Exupéry81600 Gaillac
","
GAYET AUTOMOBILE
","Avril 1990
Assurance auto : Comparez","Berline",NA,"Essence",NA,"109 809
km","4 portes avec hayon","5
places","35 000 €","9
CV","196
Ch","Manuelle",NA,NA,NA
"67","https://www.paruvendu.fr/a/voiture-occasion/volkswagen/golf/1227142323A1KVVOVWGOL",0,"Volkswagen occasion","Golf","","
116 avenue Saint Exupéry81600 Gaillac
","
GAYET AUTOMOBILE
","Mai 1994
Assurance auto : Comparez",NA,NA,"Essence",NA,"231 300
km",NA,NA,"9 500 €",NA,"173
Ch","Manuelle",NA,NA,NA
"68","https://www.paruvendu.fr/a/voiture-occasion/bmw/x4/1230017908A1KVVOBMX4",0,"BMW occasion","X4","","
ZI de la Liane - bd de la Liane  Boulogne sur Mer62360 Saint-Léonard
","
BAYERN AUTO SPORT ST LEONARD
","Septembre 2015
Assurance auto : Comparez","Break","129
g/km","Diesel","BMW Premium Selection 24 mois","49 846
km","4 portes avec hayon","5
places","38 940 €","10
CV","190
Ch","Automatique",NA,NA,NA
"69","https://www.paruvendu.fr/a/voiture-occasion/bmw/serie-1/1230017907A1KVVOBMS1",0,"BMW occasion","Série 1","","
ZI de la Liane - bd de la Liane  Boulogne sur Mer62360 Saint-Léonard
","
BAYERN AUTO SPORT ST LEONARD
","Mars 2017
Assurance auto : Comparez","Berline","109
g/km","Diesel","BMW Premium Selection 24 mois","22 171
km","4 portes avec hayon","5
places","22 930 €","7
CV","150
Ch","Manuelle",NA,NA,NA
"70","https://www.paruvendu.fr/a/voiture-occasion/bmw/serie-6/1230017906A1KVVOBMS6",0,"BMW occasion","Série 6","","
ZI de la Liane - bd de la Liane  Boulogne sur Mer62360 Saint-Léonard
","
BAYERN AUTO SPORT ST LEONARD
","Août 2014
Assurance auto : Comparez","Coupé","181
g/km","Essence","BMW Premium Selection 24 mois","38 368
km","2 portes","4
places","43 940 €","21
CV","320
Ch","Automatique",NA,NA,NA
"71","https://www.paruvendu.fr/a/voiture-occasion/renault/captur/1228511320A1KVVORECAP",0,"Renault occasion","Captur","","
349 route de Vannes44800 Saint-Herblain
","
RENAULT NANTES ST HERBLAIN
","Décembre 2017
Assurance auto : Comparez","4x4 - SUV","95
g/km","Diesel","12 mois","5 587
km","4 portes avec hayon","5
places","15 690 €","4
CV",NA,"Manuelle",NA,"Première main",NA
"72","https://www.paruvendu.fr/a/voiture-occasion/renault/clio/1228846896A1KVVORECLI",0,"Renault occasion","Clio","","
349 route de Vannes44800 Saint-Herblain
","
RENAULT NANTES ST HERBLAIN
","Décembre 2017
Assurance auto : Comparez","Berline","85
g/km","Diesel","12 mois","6 730
km","4 portes avec hayon","5
places","11 990 €","4
CV",NA,"Manuelle","","Première main","3.3
litres / 100 km"
"73","https://www.paruvendu.fr/a/voiture-occasion/renault/clio/1228511312A1KVVORECLI",0,"Renault occasion","Clio","","
349 route de Vannes44800 Saint-Herblain
","
RENAULT NANTES ST HERBLAIN
","Décembre 2017
Assurance auto : Comparez","Berline","85
g/km","Diesel","12 mois","5 460
km","4 portes avec hayon","5
places","11 990 €","4
CV",NA,"Manuelle","","Première main","3.3
litres / 100 km"
"74","https://www.paruvendu.fr/a/voiture-occasion/renault/scenic/1228488911A1KVVORESCE",1,NA,NA,NA,NA,NA,NA,NA,NA,NA,NA,NA,NA,NA,NA,NA,NA,NA,NA,NA,NA
"75","https://www.paruvendu.fr/a/voiture-occasion/renault/megane-iv/1227933325A1KVVOREME4",0,"Renault occasion","Megane IV","","
7 Allée des Portes de la Forêt77090 Collégien
","
ATLAS AUTOMOBILES
","Août 2018
Assurance auto : Comparez","Berline","122
g/km","Essence","22 mois","10
km","4 portes avec hayon","5
places","21 980 €","7
CV","132
Ch","Automatique",NA,NA,NA
"76","https://www.paruvendu.fr/a/voiture-occasion/renault/talisman/1230017904A1KVVORETAL",0,"Renault occasion","Talisman","","
349 route de Vannes44800 Saint-Herblain
","
RENAULT NANTES ST HERBLAIN
","Juillet 2017
Assurance auto : Comparez","Break",NA,"Essence","12 mois","19 439
km","4 portes avec hayon",NA,"21 990 €","8
CV",NA,"Automatique",NA,"Première main",NA
"77","https://www.paruvendu.fr/a/voiture-occasion/renault/megane-iv/1230017903A1KVVOREME4",0,"Renault occasion","Megane IV","","
349 route de Vannes44800 Saint-Herblain
","
RENAULT NANTES ST HERBLAIN
","Mai 2017
Assurance auto : Comparez","Berline","95
g/km","Diesel","12 mois","6 450
km","4 portes avec hayon","5
places","19 790 €","5
CV",NA,"Automatique","","Première main","3.7
litres / 100 km"
"78","https://www.paruvendu.fr/a/voiture-occasion/renault/clio/1230017902A1KVVORECLI",0,"Renault occasion","Clio","","
349 route de Vannes44800 Saint-Herblain
","
RENAULT NANTES ST HERBLAIN
","Juillet 2017
Assurance auto : Comparez","Berline",NA,"Diesel","12 mois","29 108
km","4 portes avec hayon",NA,"14 590 €","4
CV",NA,"Automatique",NA,"Première main",NA
"79","https://www.paruvendu.fr/a/voiture-occasion/renault/megane-iv/1227933311A1KVVOREME4",0,"Renault occasion","Megane IV","","
7 Allée des Portes de la Forêt77090 Collégien
","
ATLAS AUTOMOBILES
","Août 2018
Assurance auto : Comparez","Berline","119
g/km","Essence","22 mois","10
km","4 portes avec hayon","5
places","19 940 €","7
CV","132
Ch","Manuelle",NA,NA,NA
"80","https://www.paruvendu.fr/a/voiture-occasion/renault/megane-iv/1230017900A1KVVOREME4",0,"Renault occasion","Megane IV","","
349 route de Vannes44800 Saint-Herblain
","
RENAULT NANTES ST HERBLAIN
","Février 2018
Assurance auto : Comparez","Berline","120
g/km","Diesel","12 mois","10
km","4 portes avec hayon","5
places","25 590 €","8
CV",NA,"Automatique","","Première main","4.6
litres / 100 km"
"81","https://www.paruvendu.fr/a/voiture-occasion/renault/talisman/1230017899A1KVVORETAL",0,"Renault occasion","Talisman","","
349 route de Vannes44800 Saint-Herblain
","
RENAULT NANTES ST HERBLAIN
","Mars 2017
Assurance auto : Comparez","Berline","104
g/km","Diesel","12 mois","24 676
km","4 portes","5
places","20 990 €","6
CV",NA,"Manuelle","","Première main","3.9
litres / 100 km"
"82","https://www.paruvendu.fr/a/voiture-occasion/renault/talisman/1229996867A1KVVORETAL",0,"Renault occasion","Talisman","","
349 route de Vannes44800 Saint-Herblain
","
RENAULT NANTES ST HERBLAIN
","Mai 2017
Assurance auto : Comparez","Berline","130
g/km","Essence","12 mois","13 718
km","4 portes","5
places","26 590 €","11
CV",NA,"Automatique","","Première main","5.8
litres / 100 km"
"83","https://www.paruvendu.fr/a/voiture-occasion/skoda/octavia/1230017897A1KVVOSKOCT",0,"Skoda occasion","Octavia","","
13 avenue Charles Rouxel77340 Pontault-Combault
","
AUTOVISIO
","Mai 2016
Assurance auto : Comparez","Berline","116
g/km","Essence","6 mois","26 901
km","4 portes avec hayon","5
places","13 980 €","6
CV","110
Ch","Manuelle",NA,NA,NA
"84","https://www.paruvendu.fr/a/voiture-occasion/renault/kadjar/1227738507A1KVVOREKAD",0,"Renault occasion","Kadjar","","
7 Allée des Portes de la Forêt77090 Collégien
","
ATLAS AUTOMOBILES
","Août 2018
Assurance auto : Comparez","Break","134
g/km","Essence","22 mois","10
km","4 portes avec hayon","5
places","22 970 €","7
CV","130
Ch","Automatique",NA,NA,NA
"85","https://www.paruvendu.fr/a/voiture-occasion/renault/clio/1229613265A1KVVORECLI",1,NA,NA,NA,NA,NA,NA,NA,NA,NA,NA,NA,NA,NA,NA,NA,NA,NA,NA,NA,NA
"86","https://www.paruvendu.fr/a/voiture-occasion/renault/koleos/1229697168A1KVVOREKOL",0,"Renault occasion","Koleos","","
349 route de Vannes44800 Saint-Herblain
","
RENAULT NANTES ST HERBLAIN
","Janvier 2018
Assurance auto : Comparez","4x4 - SUV","156
g/km","Diesel","12 mois","5 500
km","4 portes avec hayon","5
places","34 990 €","10
CV",NA,"Manuelle","","Première main","5.8
litres / 100 km"
"87","https://www.paruvendu.fr/a/voiture-occasion/renault/kadjar/1227738505A1KVVOREKAD",0,"Renault occasion","Kadjar","","
7 Allée des Portes de la Forêt77090 Collégien
","
ATLAS AUTOMOBILES
","Août 2018
Assurance auto : Comparez","Break","134
g/km","Essence","22 mois","10
km","4 portes avec hayon","5
places","22 970 €","7
CV","130
Ch","Automatique",NA,NA,NA
"88","https://www.paruvendu.fr/a/voiture-occasion/renault/megane-iv/1228306091A1KVVOREME4",0,"Renault occasion","Megane IV","","
349 route de Vannes44800 Saint-Herblain
","
RENAULT NANTES ST HERBLAIN
","Mars 2017
Assurance auto : Comparez","Berline","95
g/km","Diesel","12 mois","12 504
km","4 portes avec hayon","5
places","17 590 €","5
CV",NA,"Automatique","","Première main","3.7
litres / 100 km"
"89","https://www.paruvendu.fr/a/voiture-occasion/renault/kadjar/1227738503A1KVVOREKAD",1,NA,NA,NA,NA,NA,NA,NA,NA,NA,NA,NA,NA,NA,NA,NA,NA,NA,NA,NA,NA
"90","https://www.paruvendu.fr/a/voiture-occasion/renault/megane-iv/1228085766A1KVVOREME4",0,"Renault occasion","Megane IV","","
349 route de Vannes44800 Saint-Herblain
","
RENAULT NANTES ST HERBLAIN
","Mars 2017
Assurance auto : Comparez","Berline","98
g/km","Diesel","12 mois","19 378
km","4 portes avec hayon","5
places","16 990 €","5
CV",NA,"Automatique","","Première main","3.8
litres / 100 km"
"91","https://www.paruvendu.fr/a/voiture-occasion/renault/scenic/1228007618A1KVVORESCE",0,"Renault occasion","Scénic","","
349 route de Vannes44800 Saint-Herblain
","
RENAULT NANTES ST HERBLAIN
","Juin 2017
Assurance auto : Comparez","Monospace","116
g/km","Diesel","12 mois","11 465
km","4 portes avec hayon","5
places","22 590 €","7
CV",NA,"Manuelle","","Première main","4.5
litres / 100 km"
"92","https://www.paruvendu.fr/a/voiture-occasion/renault/kadjar/1227738502A1KVVOREKAD",0,"Renault occasion","Kadjar","","
7 Allée des Portes de la Forêt77090 Collégien
","
ATLAS AUTOMOBILES
","Août 2018
Assurance auto : Comparez","Break","134
g/km","Essence","22 mois","10
km","4 portes avec hayon","5
places","22 970 €","7
CV","130
Ch","Automatique",NA,NA,NA
"93","https://www.paruvendu.fr/a/voiture-occasion/renault/talisman/1228085762A1KVVORETAL",0,"Renault occasion","Talisman","","
349 route de Vannes44800 Saint-Herblain
","
RENAULT NANTES ST HERBLAIN
","Août 2016
Assurance auto : Comparez","Berline","104
g/km","Diesel","12 mois","17 307
km","4 portes","5
places","19 590 €","6
CV",NA,"Manuelle","","Première main","3.9
litres / 100 km"
"94","https://www.paruvendu.fr/a/voiture-occasion/peugeot/2008/1228921766A1KVVOPE2M8",0,"Peugeot occasion","2008","","
13 avenue Charles Rouxel77340 Pontault-Combault
","
AUTOVISIO
","Octobre 2016
Assurance auto : Comparez","Break","97
g/km","Diesel","6 mois","38 610
km","4 portes avec hayon","5
places","11 480 €","4
CV","75
Ch","Manuelle",NA,NA,NA
"95","https://www.paruvendu.fr/a/voiture-occasion/renault/scenic-iv/1227738397A1KVVORESC4",0,"Renault occasion","Scenic IV","","
7 Allée des Portes de la Forêt77090 Collégien
","
ATLAS AUTOMOBILES
","Août 2018
Assurance auto : Comparez","Monospace","122
g/km","Essence","22 mois","10
km","4 portes avec hayon","5
places","24 940 €","7
CV","140
Ch","Automatique",NA,NA,NA
"96","https://www.paruvendu.fr/a/voiture-occasion/renault/scenic-iv/1227738391A1KVVORESC4",0,"Renault occasion","Scenic IV","","
7 Allée des Portes de la Forêt77090 Collégien
","
ATLAS AUTOMOBILES
","Juin 2018
Assurance auto : Comparez","Monospace","122
g/km","Essence","20 mois","10
km","4 portes avec hayon","5
places","24 940 €","7
CV","140
Ch","Automatique",NA,NA,NA
"97","https://www.paruvendu.fr/a/voiture-occasion/renault/captur/1230017892A1KVVORECAP",0,"Renault occasion","Captur","","
349 route de Vannes44800 Saint-Herblain
","
RENAULT NANTES ST HERBLAIN
","Janvier 2016
Assurance auto : Comparez","4x4 - SUV","113
g/km","Essence","6 mois","38 296
km","4 portes avec hayon","5
places","14 390 €","5
CV",NA,"Manuelle","","Première main","5.1
litres / 100 km"
"98","https://www.paruvendu.fr/a/voiture-occasion/renault/clio/1230017891A1KVVORECLI",0,"Renault occasion","Clio","","
349 route de Vannes44800 Saint-Herblain
","
RENAULT NANTES ST HERBLAIN
","Février 2018
Assurance auto : Comparez","Berline",NA,"Essence","12 mois","9 975
km","4 portes avec hayon",NA,"13 390 €","5
CV",NA,"Manuelle",NA,"Première main",NA
"99","https://www.paruvendu.fr/a/voiture-occasion/renault/clio-iii-estate/1230017890A1KVVOREC3E",0,"Renault occasion","Clio III Estate","","
349 route de Vannes44800 Saint-Herblain
","
RENAULT NANTES ST HERBLAIN
","Mars 2016
Assurance auto : Comparez","Break","85
g/km","Diesel","6 mois","42 198
km","4 portes avec hayon","5
places","10 990 €","4
CV",NA,"Manuelle","","Première main","3.3
litres / 100 km"
"100","https://www.paruvendu.fr/a/voiture-occasion/renault/clio/1230017889A1KVVORECLI",0,"Renault occasion","Clio","","
349 route de Vannes44800 Saint-Herblain
","
RENAULT NANTES ST HERBLAIN
","Janvier 2018
Assurance auto : Comparez","Berline",NA,"Essence","12 mois","19 326
km","4 portes avec hayon",NA,"12 890 €","5
CV",NA,"Manuelle",NA,"Première main",NA
"101","https://www.paruvendu.fr/a/voiture-occasion/renault/clio-iv/1230017888A1KVVORECL4",0,"Renault occasion","Clio IV","","
349 route de Vannes44800 Saint-Herblain
","
RENAULT NANTES ST HERBLAIN
","Avril 2016
Assurance auto : Comparez","Berline","85
g/km","Diesel","6 mois","40 471
km","4 portes avec hayon","5
places","10 790 €","4
CV",NA,"Manuelle","","Première main","3.3
litres / 100 km"
"102","https://www.paruvendu.fr/a/voiture-occasion/renault/kadjar/1226424237A1KVVOREKAD",1,NA,NA,NA,NA,NA,NA,NA,NA,NA,NA,NA,NA,NA,NA,NA,NA,NA,NA,NA,NA
"103","https://www.paruvendu.fr/a/voiture-occasion/renault/twingo-iii/1230017886A1KVVORETW3",0,"Renault occasion","Twingo III","","
349 route de Vannes44800 Saint-Herblain
","
RENAULT NANTES ST HERBLAIN
","Mai 2016
Assurance auto : Comparez","Berline","99
g/km","Essence","6 mois","19 610
km","4 portes avec hayon","4
places","8 990 €","4
CV",NA,"Manuelle","","Première main","4.3
litres / 100 km"
"104","https://www.paruvendu.fr/a/voiture-occasion/renault/twingo-iii/1230017885A1KVVORETW3",0,"Renault occasion","Twingo III","","
349 route de Vannes44800 Saint-Herblain
","
RENAULT NANTES ST HERBLAIN
","Mars 2016
Assurance auto : Comparez","Berline","99
g/km","Essence","6 mois","15 194
km","4 portes avec hayon","4
places","8 990 €","4
CV",NA,"Manuelle","","Première main","4.3
litres / 100 km"
"105","https://www.paruvendu.fr/a/voiture-occasion/renault/kadjar/1226424235A1KVVOREKAD",0,"Renault occasion","Kadjar","","
7 Allée des Portes de la Forêt77090 Collégien
","
ATLAS AUTOMOBILES
","Mai 2018
Assurance auto : Comparez","Break","117
g/km","Diesel","19 mois","10
km","4 portes avec hayon","5
places","23 280 €","7
CV","130
Ch","Manuelle",NA,NA,NA
"106","https://www.paruvendu.fr/a/voiture-occasion/renault/twingo-iii/1230017884A1KVVORETW3",0,"Renault occasion","Twingo III","","
349 route de Vannes44800 Saint-Herblain
","
RENAULT NANTES ST HERBLAIN
","Mai 2016
Assurance auto : Comparez","Berline","99
g/km","Essence","6 mois","19 278
km","4 portes avec hayon","4
places","8 990 €","4
CV",NA,"Manuelle","","Première main","4.3
litres / 100 km"
"107","https://www.paruvendu.fr/a/voiture-occasion/renault/twingo-iii/1230017883A1KVVORETW3",0,"Renault occasion","Twingo III","","
349 route de Vannes44800 Saint-Herblain
","
RENAULT NANTES ST HERBLAIN
","Juin 2016
Assurance auto : Comparez","Berline","99
g/km","Essence","6 mois","15 966
km","4 portes avec hayon","4
places","8 990 €","4
CV",NA,"Manuelle","","Première main","4.3
litres / 100 km"
"108","https://www.paruvendu.fr/a/voiture-occasion/renault/megane-iv/1229613259A1KVVOREME4",0,"Renault occasion","Megane IV","","
349 route de Vannes44800 Saint-Herblain
","
RENAULT NANTES ST HERBLAIN
","Décembre 2017
Assurance auto : Comparez","Berline","95
g/km","Diesel","12 mois","19 475
km","4 portes avec hayon","5
places","15 590 €","4
CV",NA,"Manuelle","","Première main","3.7
litres / 100 km"
"109","https://www.paruvendu.fr/a/voiture-occasion/bmw/x1/1227493548A1KVVOBMX1",0,"BMW occasion","X1","","
53 rue de la Jominiere49300 Cholet
","
BMW-MINI CHARRIER
","Janvier 2018
Assurance auto : Comparez","Break","126
g/km","Diesel","BMW Premium Selection 24 mois","12 399
km","4 portes avec hayon","5
places","42 795 €","10
CV","190
Ch","Automatique",NA,NA,NA
"110","https://www.paruvendu.fr/a/voiture-occasion/renault/clio/1228085758A1KVVORECLI",0,"Renault occasion","Clio","","
349 route de Vannes44800 Saint-Herblain
","
RENAULT NANTES ST HERBLAIN
","Décembre 2017
Assurance auto : Comparez","Berline",NA,"Diesel","12 mois","20 348
km","4 portes avec hayon",NA,"12 990 €","4
CV",NA,"Manuelle",NA,"Première main",NA
"111","https://www.paruvendu.fr/a/voiture-occasion/renault/clio/1227911559A1KVVORECLI",1,NA,NA,NA,NA,NA,NA,NA,NA,NA,NA,NA,NA,NA,NA,NA,NA,NA,NA,NA,NA
"112","https://www.paruvendu.fr/a/voiture-occasion/renault/clio-iv/1228897510A1KVVORECL4",1,NA,NA,NA,NA,NA,NA,NA,NA,NA,NA,NA,NA,NA,NA,NA,NA,NA,NA,NA,NA
"113","https://www.paruvendu.fr/a/voiture-occasion/bmw/serie-6/1230017882A1KVVOBMS6",0,"BMW occasion","Série 6","","
53 rue de la Jominiere49300 Cholet
","
BMW-MINI CHARRIER
","Février 2011
Assurance auto : Comparez","Coupé","183
g/km","Diesel","BMW First 12 mois","85 500
km","2 portes","4
places","26 795 €","18
CV","286
Ch","Automatique",NA,NA,NA
"114","https://www.paruvendu.fr/a/voiture-occasion/mini/cooper-d/1229958986A1KVVOMCCOD",0,"Mini occasion","Cooper D","","
53 rue de la Jominiere49300 Cholet
","
BMW-MINI CHARRIER
","Septembre 2015
Assurance auto : Comparez","Berline","128
g/km","Essence","MINI Next 24 mois","14 157
km","4 portes avec hayon","5
places","27 392 €","10
CV","192
Ch","Automatique",NA,NA,NA
"115","https://www.paruvendu.fr/a/voiture-occasion/renault/laguna-iii-coupe/1230017880A1KVVOREL3C",0,"Renault occasion","Laguna III Coupé","","
Rue du Verbial81000 Albi
","
DEBARD AUTOMOBILES
","Septembre 2010
Assurance auto : Comparez","Coupé","136
g/km","Diesel","3 mois","123 433
km","2 portes","4
places","8 900 €","8
CV","150
Ch","Manuelle",NA,NA,NA
"116","https://www.paruvendu.fr/a/voiture-occasion/renault/kadjar/1230017879A1KVVOREKAD",0,"Renault occasion","Kadjar","","
349 route de Vannes44800 Saint-Herblain
","
RENAULT NANTES ST HERBLAIN
","Novembre 2015
Assurance auto : Comparez",NA,"99
g/km","Diesel","12 mois","61 543
km","4 portes avec hayon","5
places","16 990 €","5
CV",NA,"Automatique",NA,"Première main","3.8
litres / 100 km"
"117","https://www.paruvendu.fr/a/voiture-occasion/renault/kadjar/1230017878A1KVVOREKAD",1,NA,NA,NA,NA,NA,NA,NA,NA,NA,NA,NA,NA,NA,NA,NA,NA,NA,NA,NA,NA
"118","https://www.paruvendu.fr/a/voiture-occasion/renault/espace/1230017877A1KVVOREESP",0,"Renault occasion","Espace","","
349 route de Vannes44800 Saint-Herblain
","
RENAULT NANTES ST HERBLAIN
","Octobre 2015
Assurance auto : Comparez","Monospace","116
g/km","Diesel","6 mois","15 234
km","4 portes avec hayon","5
places","21 990 €","7
CV",NA,"Manuelle","","Première main","4.4
litres / 100 km"
"119","https://www.paruvendu.fr/a/voiture-occasion/renault/twingo-iii/1230017876A1KVVORETW3",0,"Renault occasion","Twingo III","","
349 route de Vannes44800 Saint-Herblain
","
RENAULT NANTES ST HERBLAIN
","Mai 2016
Assurance auto : Comparez","Berline","112
g/km","Essence","6 mois","57 797
km","4 portes avec hayon","4
places","8 490 €","4
CV",NA,"Manuelle","","Première main","5.0
litres / 100 km"
"120","https://www.paruvendu.fr/a/voiture-occasion/renault/twingo-iii/1230017875A1KVVORETW3",0,"Renault occasion","Twingo III","","
349 route de Vannes44800 Saint-Herblain
","
RENAULT NANTES ST HERBLAIN
","Mai 2016
Assurance auto : Comparez","Berline","112
g/km","Essence","6 mois","59 690
km","4 portes avec hayon","4
places","8 490 €","4
CV",NA,"Manuelle","","Première main","5.0
litres / 100 km"
"121","https://www.paruvendu.fr/a/voiture-occasion/renault/twingo-iii/1230017874A1KVVORETW3",0,"Renault occasion","Twingo III","","
349 route de Vannes44800 Saint-Herblain
","
RENAULT NANTES ST HERBLAIN
","Mai 2016
Assurance auto : Comparez","Berline","112
g/km","Essence","6 mois","57 985
km","4 portes avec hayon","4
places","8 490 €","4
CV",NA,"Manuelle","","Première main","5.0
litres / 100 km"
"122","https://www.paruvendu.fr/a/voiture-occasion/renault/twingo-iii/1230017873A1KVVORETW3",0,"Renault occasion","Twingo III","","
349 route de Vannes44800 Saint-Herblain
","
RENAULT NANTES ST HERBLAIN
","Mai 2016
Assurance auto : Comparez","Berline","112
g/km","Essence","6 mois","62 988
km","4 portes avec hayon","4
places","8 390 €","4
CV",NA,"Manuelle","","Première main","5.0
litres / 100 km"
"123","https://www.paruvendu.fr/a/voiture-occasion/nissan/qashqai/1229729287A1KVVONIQAS",0,"Nissan occasion","Qashqai","","
349 route de Vannes44800 Saint-Herblain
","
RENAULT NANTES ST HERBLAIN
","Avril 2015
Assurance auto : Comparez","4x4 - SUV","99
g/km","Diesel","6 mois","62 104
km","4 portes avec hayon","5
places","15 390 €","5
CV",NA,"Manuelle","","Première main","3.8
litres / 100 km"
"124","https://www.paruvendu.fr/a/voiture-occasion/renault/clio-iv/1227623631A1KVVORECL4",0,"Renault occasion","Clio IV","","
Rue du Verbial81000 Albi
","
DEBARD AUTOMOBILES
","Janvier 2018
Assurance auto : Comparez","Berline","85
g/km","Diesel",NA,"10
km","4 portes avec hayon","5
places","15 900 €","4
CV","90
Ch","Manuelle","",NA,NA
"125","https://www.paruvendu.fr/a/voiture-occasion/renault/espace/1228405449A1KVVOREESP",1,NA,NA,NA,NA,NA,NA,NA,NA,NA,NA,NA,NA,NA,NA,NA,NA,NA,NA,NA,NA
"126","https://www.paruvendu.fr/a/voiture-occasion/renault/clio/1228511302A1KVVORECLI",0,"Renault occasion","Clio","","
349 route de Vannes44800 Saint-Herblain
","
RENAULT NANTES ST HERBLAIN
","Octobre 2016
Assurance auto : Comparez","Berline","85
g/km","Diesel","6 mois","35 087
km","4 portes avec hayon","5
places","10 590 €","4
CV",NA,"Manuelle","","Première main","3.3
litres / 100 km"
"127","https://www.paruvendu.fr/a/voiture-occasion/bmw/serie-2/1229845716A1KVVOBMS2",0,"BMW occasion","Serie 2","","
53 rue de la Jominiere49300 Cholet
","
BMW-MINI CHARRIER
","Octobre 2016
Assurance auto : Comparez","Monospace","109
g/km","Diesel","BMW Premium Selection 24 mois","46 466
km","4 portes avec hayon","7
places","21 894 €","6
CV","116
Ch","Automatique",NA,NA,NA
"128","https://www.paruvendu.fr/a/voiture-occasion/renault/clio-iv/1225452286A1KVVORECL4",0,"Renault occasion","Clio IV","","
Rue du Verbial81000 Albi
","
DEBARD AUTOMOBILES
","Mars 2018
Assurance auto : Comparez","Berline","85
g/km","Diesel",NA,"10
km","4 portes avec hayon","5
places","15 490 €","4
CV","90
Ch","Manuelle","",NA,NA
"129","https://www.paruvendu.fr/a/voiture-occasion/renault/clio-iv/1227623551A1KVVORECL4",0,"Renault occasion","Clio IV","","
Route de Baziege la Lauragaise - ZAC de la Bourgade31670 Labège
","
DEBARD AUTOMOBILES
","Avril 2018
Assurance auto : Comparez","Berline","120
g/km","Essence",NA,"10
km","4 portes avec hayon","5
places","15 900 €","6
CV","118
Ch","Semi automatique","",NA,NA
"130","https://www.paruvendu.fr/a/voiture-occasion/renault/clio-iv/1227623549A1KVVORECL4",0,"Renault occasion","Clio IV","","
Route de Baziege la Lauragaise - ZAC de la Bourgade31670 Labège
","
DEBARD AUTOMOBILES
","Avril 2018
Assurance auto : Comparez","Berline","120
g/km","Essence",NA,"10
km","4 portes avec hayon","5
places","15 900 €","6
CV","118
Ch","Semi automatique","",NA,NA
"131","https://www.paruvendu.fr/a/voiture-occasion/renault/clio-iv/1227623542A1KVVORECL4",0,"Renault occasion","Clio IV","","
Route de Baziege la Lauragaise - ZAC de la Bourgade31670 Labège
","
DEBARD AUTOMOBILES
","Mars 2018
Assurance auto : Comparez","Berline","85
g/km","Diesel",NA,"10
km","4 portes avec hayon","5
places","15 900 €","4
CV","90
Ch","Manuelle","",NA,NA
"132","https://www.paruvendu.fr/a/voiture-occasion/renault/clio-iv-estate/1222007461A1KVVOREC4E",0,"Renault occasion","Clio IV Estate","","
Rue du Verbial81000 Albi
","
DEBARD AUTOMOBILES
","Mai 2017
Assurance auto : Comparez","Break","90
g/km","Diesel",NA,"10
km","4 portes avec hayon","5
places","16 450 €","5
CV","110
Ch","Manuelle","",NA,NA
"133","https://www.paruvendu.fr/a/voiture-occasion/mini/cooper/1230017867A1KVVOMCCOO",0,"Mini occasion","Cooper","","
Rue Yves Montand62510 Arques
","
BAYERN AUTO SPORT ARQUES
","Septembre 2015
Assurance auto : Comparez","Berline","92
g/km","Diesel","MINI Next 24 mois","48 295
km","2 portes avec hayon","4
places","17 930 €","5
CV","116
Ch","Manuelle",NA,NA,NA
"134","https://www.paruvendu.fr/a/voiture-occasion/bmw/x1/1230017863A1KVVOBMX1",0,"BMW occasion","X1","","
Rue Yves Montand62510 Arques
","
BAYERN AUTO SPORT ARQUES
","Septembre 2016
Assurance auto : Comparez","Break","114
g/km","Diesel","12 mois","118 064
km","4 portes avec hayon","5
places","22 930 €","8
CV","150
Ch","Automatique",NA,NA,NA
"135","https://www.paruvendu.fr/a/voiture-occasion/bmw/serie-5/1230017844A1KVVOBMS5",0,"BMW occasion","Série 5","","
Rue Yves Montand62510 Arques
","
BAYERN AUTO SPORT ARQUES
","Septembre 2017
Assurance auto : Comparez","Break","144
g/km","Diesel","BMW Premium Selection 24 mois","19 000
km","4 portes avec hayon","5
places","52 940 €","16
CV","265
Ch","Automatique",NA,NA,NA
"136","https://www.paruvendu.fr/a/voiture-occasion/bmw/serie-3/1230017826A1KVVOBMS3",0,"BMW occasion","Série 3","","
Rue Yves Montand62510 Arques
","
BAYERN AUTO SPORT ARQUES
","Février 2015
Assurance auto : Comparez","Berline","109
g/km","Diesel","BMW Premium Selection 24 mois","32 327
km","4 portes","5
places","21 940 €","8
CV","163
Ch","Manuelle",NA,NA,NA
"137","https://www.paruvendu.fr/a/voiture-occasion/bmw/serie-3/1230017550A1KVVOBMS3",0,"BMW occasion","Série 3","","
Place de Cantorburry62231 Coquelles
","
BAYERN AUTO SPORT COQUELLES
","Juillet 2013
Assurance auto : Comparez","Berline","127
g/km","Diesel","12 mois","84 872
km","4 portes avec hayon","5
places","19 930 €","8
CV","143
Ch","Automatique",NA,NA,NA
"138","https://www.paruvendu.fr/a/voiture-occasion/bmw/serie-2/1230017553A1KVVOBMS2",0,"BMW occasion","Serie 2","","
Place de Cantorburry62231 Coquelles
","
BAYERN AUTO SPORT COQUELLES
","Janvier 2018
Assurance auto : Comparez","Monospace","126
g/km","Diesel","BMW Premium Selection 24 mois","9 817
km","4 portes avec hayon","7
places","29 940 €","8
CV","150
Ch","Automatique",NA,NA,NA
"139","https://www.paruvendu.fr/a/voiture-occasion/bmw/serie-1/1230017545A1KVVOBMS1",0,"BMW occasion","Série 1","","
Place de Cantorburry62231 Coquelles
","
BAYERN AUTO SPORT COQUELLES
","Octobre 2015
Assurance auto : Comparez","Berline","95
g/km","Diesel","BMW Premium Selection 24 mois","86 441
km","2 portes avec hayon","5
places","14 920 €","5
CV","95
Ch","Manuelle",NA,NA,NA
"140","https://www.paruvendu.fr/a/voiture-occasion/bmw/serie-2/1230017540A1KVVOBMS2",0,"BMW occasion","Serie 2","","
Place de Cantorburry62231 Coquelles
","
BAYERN AUTO SPORT COQUELLES
","Septembre 2015
Assurance auto : Comparez","Monospace","103
g/km","Diesel","BMW Premium Selection 24 mois","46 415
km","4 portes avec hayon","5
places","18 930 €","6
CV","116
Ch","Automatique",NA,NA,NA
"141","https://www.paruvendu.fr/a/voiture-occasion/bmw/serie-1/1230017542A1KVVOBMS1",0,"BMW occasion","Série 1","","
Place de Cantorburry62231 Coquelles
","
BAYERN AUTO SPORT COQUELLES
","Septembre 2015
Assurance auto : Comparez","Berline","103
g/km","Diesel","BMW Premium Selection 24 mois","41 029
km","4 portes avec hayon","5
places","20 930 €","6
CV","116
Ch","Automatique",NA,NA,NA
"142","https://www.paruvendu.fr/a/voiture-occasion/bmw/serie-2/1230017538A1KVVOBMS2",0,"BMW occasion","Serie 2","","
Place de Cantorburry62231 Coquelles
","
BAYERN AUTO SPORT COQUELLES
","Août 2015
Assurance auto : Comparez","Monospace","103
g/km","Diesel","BMW Premium Selection 24 mois","47 172
km","4 portes avec hayon","5
places","18 930 €","6
CV","116
Ch","Automatique",NA,NA,NA
"143","https://www.paruvendu.fr/a/voiture-occasion/bmw/serie-2/1230017528A1KVVOBMS2",0,"BMW occasion","Serie 2","","
Place de Cantorburry62231 Coquelles
","
BAYERN AUTO SPORT COQUELLES
","Juin 2015
Assurance auto : Comparez","Monospace","99
g/km","Diesel","BMW Premium Selection 24 mois","33 506
km","4 portes avec hayon","5
places","17 930 €","6
CV","116
Ch","Manuelle",NA,NA,NA
"144","https://www.paruvendu.fr/a/voiture-occasion/bmw/serie-4/1230017525A1KVVOBMS4",0,"BMW occasion","Série 4","","
Place de Cantorburry62231 Coquelles
","
BAYERN AUTO SPORT COQUELLES
","Septembre 2015
Assurance auto : Comparez","Berline","106
g/km","Diesel","BMW Premium Selection 24 mois","75 018
km","4 portes avec hayon","5
places","27 730 €","10
CV","190
Ch","Automatique",NA,NA,NA
"145","https://www.paruvendu.fr/a/voiture-occasion/mini/cooper/1230017501A1KVVOMCCOO",0,"Mini occasion","Cooper","","
Place de Cantorburry62231 Coquelles
","
BAYERN AUTO SPORT COQUELLES
","Octobre 2015
Assurance auto : Comparez","Berline","92
g/km","Diesel","MINI Next 24 mois","47 246
km","2 portes avec hayon","4
places","17 930 €","5
CV","116
Ch","Manuelle",NA,NA,NA
"146","https://www.paruvendu.fr/a/voiture-occasion/bmw/serie-3/1230017498A1KVVOBMS3",0,"BMW occasion","Série 3","","
Place de Cantorburry62231 Coquelles
","
BAYERN AUTO SPORT COQUELLES
","Juin 2014
Assurance auto : Comparez","Break","119
g/km","Diesel","BMW Premium Selection 24 mois","70 903
km","4 portes avec hayon","5
places","18 430 €","7
CV","143
Ch","Manuelle",NA,NA,NA
"147","https://www.paruvendu.fr/a/voiture-occasion/bmw/serie-2/1230017500A1KVVOBMS2",0,"BMW occasion","Serie 2","","
Place de Cantorburry62231 Coquelles
","
BAYERN AUTO SPORT COQUELLES
","Septembre 2015
Assurance auto : Comparez","Monospace","103
g/km","Diesel","BMW Premium Selection 24 mois","73 569
km","4 portes avec hayon","5
places","18 930 €","6
CV","116
Ch","Automatique",NA,NA,NA
"148","https://www.paruvendu.fr/a/voiture-occasion/bmw/serie-1/1230017494A1KVVOBMS1",0,"BMW occasion","Série 1","","
Place de Cantorburry62231 Coquelles
","
BAYERN AUTO SPORT COQUELLES
","Janvier 2016
Assurance auto : Comparez","Berline","104
g/km","Diesel","BMW Premium Selection 24 mois","56 508
km","4 portes avec hayon","5
places","19 930 €","7
CV","150
Ch","Manuelle",NA,NA,NA
"149","https://www.paruvendu.fr/a/voiture-occasion/mini/cooper-d/1230017490A1KVVOMCCOD",0,"Mini occasion","Cooper D","","
Place de Cantorburry62231 Coquelles
","
BAYERN AUTO SPORT COQUELLES
","Juillet 2015
Assurance auto : Comparez","Berline","95
g/km","Diesel","MINI Next 24 mois","44 062
km","4 portes avec hayon","5
places","17 930 €","5
CV","116
Ch","Manuelle",NA,NA,NA
"150","https://www.paruvendu.fr/a/voiture-occasion/bmw/x3/1230017483A1KVVOBMX3",0,"BMW occasion","X3","","
Place de Cantorburry62231 Coquelles
","
BAYERN AUTO SPORT COQUELLES
","Juin 2015
Assurance auto : Comparez","Break","123
g/km","Diesel","BMW Premium Selection 24 mois","33 753
km","4 portes avec hayon","5
places","25 940 €","8
CV","150
Ch","Manuelle",NA,NA,NA
"151","https://www.paruvendu.fr/a/voiture-occasion/bmw/serie-4/1230017482A1KVVOBMS4",0,"BMW occasion","Série 4","","
Place de Cantorburry62231 Coquelles
","
BAYERN AUTO SPORT COQUELLES
","Août 2015
Assurance auto : Comparez","Coupé","114
g/km","Diesel","BMW Premium Selection 24 mois","37 233
km","2 portes","4
places","29 930 €","10
CV","190
Ch","Automatique",NA,NA,NA
"152","https://www.paruvendu.fr/a/voiture-occasion/bmw/x6/1230017480A1KVVOBMX6",0,"BMW occasion","X6","","
Place de Cantorburry62231 Coquelles
","
BAYERN AUTO SPORT COQUELLES
","Juin 2016
Assurance auto : Comparez","Break","159
g/km","Diesel","BMW Premium Selection 24 mois","44 172
km","4 portes avec hayon","5
places","54 950 €","16
CV","258
Ch","Automatique",NA,NA,NA
"153","https://www.paruvendu.fr/a/voiture-occasion/bmw/serie-1/1230017477A1KVVOBMS1",0,"BMW occasion","Série 1","","
Place de Cantorburry62231 Coquelles
","
BAYERN AUTO SPORT COQUELLES
","Septembre 2015
Assurance auto : Comparez","Berline","95
g/km","Diesel","BMW Premium Selection 24 mois","34 201
km","2 portes avec hayon","5
places","15 930 €","5
CV","95
Ch","Manuelle",NA,NA,NA
"154","https://www.paruvendu.fr/a/voiture-occasion/renault/grand-scenic-iii/1229372155A1KVVOREGS3",0,"Renault occasion","Grand Scénic III","","
557 avenue Henri Chapays38340 Voreppe
","
VOREPPE AUTO
","Octobre 2009
Assurance auto : Comparez","Monospace","149
g/km","Diesel","3 mois","169 553
km","4 portes avec hayon","7
places","5 990 €","7
CV","130
Ch","Manuelle",NA,NA,NA
"155","https://www.paruvendu.fr/a/voiture-occasion/renault/laguna-iii-estate/1229101033A1KVVOREL3S",0,"Renault occasion","Laguna III Estate","","
557 avenue Henri Chapays38340 Voreppe
","
VOREPPE AUTO
","Janvier 2008
Assurance auto : Comparez","Break","160
g/km","Diesel","3 mois","198 585
km","4 portes avec hayon","5
places","3 990 €","8
CV","150
Ch","Manuelle",NA,NA,NA
"156","https://www.paruvendu.fr/a/voiture-occasion/renault/scenic-iii/1228747842A1KVVORESC3",0,"Renault occasion","Scénic III","","
557 avenue Henri Chapays38340 Voreppe
","
VOREPPE AUTO
","Juin 2009
Assurance auto : Comparez","Monospace","145
g/km","Diesel","3 mois","150 000
km","4 portes avec hayon","5
places","5 990 €","7
CV","130
Ch","Manuelle",NA,NA,NA
"157","https://www.paruvendu.fr/a/voiture-occasion/fiat/500/1230017454A1KVVOFI500",0,"Fiat occasion","500","","
456 Rue des Enlumineurs12850 Onet-le-Château
","
DEBARD AUTOMOBILES
","Octobre 2018
Assurance auto : Comparez","Berline","122
g/km","Essence",NA,"10
km","2 portes avec hayon","4
places","12 990 €","4
CV","69
Ch","Manuelle","",NA,NA
"158","https://www.paruvendu.fr/a/voiture-occasion/renault/scenic/1230017452A1KVVORESCE",0,"Renault occasion","Scénic","","
364 ROUTE DE VIENNE69200 Vénissieux
","
RENAULT LYON SUD
","Juin 2018
Assurance auto : Comparez","Monospace","139
g/km","Essence",NA,"2 620
km","4 portes avec hayon","5
places","27 900 €","9
CV",NA,"Manuelle",NA,"Première main","6.2
litres / 100 km"
"159","https://www.paruvendu.fr/a/voiture-occasion/renault/megane-iv/1230017451A1KVVOREME4",0,"Renault occasion","Megane IV","","
364 ROUTE DE VIENNE69200 Vénissieux
","
RENAULT LYON SUD
","Juillet 2018
Assurance auto : Comparez","Break","124
g/km","Diesel","12 mois","3 861
km","4 portes avec hayon","5
places","26 900 €","9
CV",NA,"Automatique","","Première main","4.7
litres / 100 km"
"160","https://www.paruvendu.fr/a/voiture-occasion/renault/captur/1230017450A1KVVORECAP",1,NA,NA,NA,NA,NA,NA,NA,NA,NA,NA,NA,NA,NA,NA,NA,NA,NA,NA,NA,NA
"161","https://www.paruvendu.fr/a/voiture-occasion/renault/clio/1230017449A1KVVORECLI",0,"Renault occasion","Clio","","
364 ROUTE DE VIENNE69200 Vénissieux
","
RENAULT LYON SUD
","Mai 2017
Assurance auto : Comparez","Berline","85
g/km","Diesel","12 mois","17 103
km","4 portes avec hayon","5
places","14 500 €","4
CV",NA,"Manuelle","","Première main","3.3
litres / 100 km"
"162","https://www.paruvendu.fr/a/voiture-occasion/peugeot/308-sw/1230017448A1KVVOPE8SW",0,"Peugeot occasion","308 SW","","
2 Allée de Chantereine78711 Mantes-la-Ville
","
AUTO MALIN MANTES LA VILLE
","Septembre 2017
Assurance auto : Comparez",NA,"134
g/km","Essence","12 mois","1 472
km","4 portes avec hayon","5
places","24 990 €","11
CV","205
Ch","Manuelle","",NA,NA
"163","https://www.paruvendu.fr/a/voiture-occasion/renault/clio-iii/1229901563A1KVVORECL3",1,NA,NA,NA,NA,NA,NA,NA,NA,NA,NA,NA,NA,NA,NA,NA,NA,NA,NA,NA,NA
"164","https://www.paruvendu.fr/a/voiture-occasion/renault/clio-iv/1230017447A1KVVORECL4",0,"Renault occasion","Clio IV","","
364 ROUTE DE VIENNE69200 Vénissieux
","
RENAULT LYON SUD
","Septembre 2015
Assurance auto : Comparez","Berline","127
g/km","Essence","6 mois","17 783
km","4 portes avec hayon","5
places","11 900 €","4
CV",NA,"Manuelle","","Première main","5.6
litres / 100 km"
"165","https://www.paruvendu.fr/a/voiture-occasion/mercedes/clk/1230017444A1KVVOMECLK",0,"Mercedes occasion","CLK","","
133 avenue de Nice06800 Cagnes-sur-Mer
","
SB AUTO 
","Juillet 2002
Assurance auto : Comparez","Coupé","238
g/km","Essence","3 mois","193 200
km","2 portes",NA,"5 490 €","11
CV","170
Ch","Automatique","",NA,NA
"166","https://www.paruvendu.fr/a/voiture-occasion/alfa-romeo/159-sportwagon/1230017443A1KVVOAL9SW",0,"Alfa Romeo occasion","159 Sportwagon","","
133 avenue de Nice06800 Cagnes-sur-Mer
","
SB AUTO 
","Mars 2007
Assurance auto : Comparez","Break","162
g/km","Diesel","3 mois","149 435
km","4 portes avec hayon","5
places","5 490 €","9
CV","150
Ch","Manuelle",NA,NA,NA
"167","https://www.paruvendu.fr/a/voiture-occasion/citroen/c4-cactus/1230017442A1KVVOCI4C",0,"Citroën occasion","C4 cactus","","
2 Allée de Chantereine78711 Mantes-la-Ville
","
AUTO MALIN MANTES LA VILLE
","Juin 2018
Assurance auto : Comparez",NA,"104
g/km","Essence","20 mois","10
km","4 portes avec hayon","5
places","17 690 €","5
CV","110
Ch","Manuelle","",NA,NA
"168","https://www.paruvendu.fr/a/voiture-occasion/citroen/c4-cactus/1230017441A1KVVOCI4C",0,"Citroën occasion","C4 cactus","","
2 Allée de Chantereine78711 Mantes-la-Ville
","
AUTO MALIN MANTES LA VILLE
","Juin 2018
Assurance auto : Comparez",NA,"104
g/km","Essence","20 mois","10
km","4 portes avec hayon","5
places","17 690 €","5
CV","110
Ch","Manuelle","",NA,NA
"169","https://www.paruvendu.fr/a/voiture-occasion/opel/astra/1230017440A1KVVOOPAST",0,"Opel occasion","Astra","","
133 avenue de Nice06800 Cagnes-sur-Mer
","
SB AUTO 
","Novembre 2011
Assurance auto : Comparez","Berline","119
g/km","Diesel","3 mois","97 500
km","4 portes avec hayon","5
places","6 990 €","6
CV","110
Ch","Manuelle",NA,NA,NA
"170","https://www.paruvendu.fr/a/voiture-occasion/nissan/micra/1230017438A1KVVONIMIC",0,"Nissan occasion","Micra","","
133 avenue de Nice06800 Cagnes-sur-Mer
","
SB AUTO 
","Mars 2006
Assurance auto : Comparez","Berline","160
g/km","Essence","3 mois","66 055
km","2 portes","4
places","6 490 €","7
CV","109
Ch","Manuelle",NA,NA,NA
"171","https://www.paruvendu.fr/a/voiture-occasion/peugeot/partner-tepee/1230017439A1KVVOPEPTE",0,"Peugeot occasion","Partner Tepee","","
2 Allée de Chantereine78711 Mantes-la-Ville
","
AUTO MALIN MANTES LA VILLE
","Mai 2018
Assurance auto : Comparez",NA,"109
g/km","Diesel","20 mois","3 710
km","4 portes avec hayon","5
places","17 990 €","5
CV","99
Ch","Manuelle","",NA,NA
"172","https://www.paruvendu.fr/a/voiture-occasion/alfa-romeo/giulietta/1230017437A1KVVOALGIU",0,"Alfa Romeo occasion","Giulietta","","
133 avenue de Nice06800 Cagnes-sur-Mer
","
SB AUTO 
","Mars 2014
Assurance auto : Comparez","Berline","110
g/km","Diesel","3 mois","58 452
km","4 portes avec hayon","5
places","13 890 €","7
CV","150
Ch","Manuelle",NA,NA,NA
"173","https://www.paruvendu.fr/a/voiture-occasion/mazda/mazda2/1230017436A1KVVOMA2",0,"Mazda occasion","Mazda2","","
133 avenue de Nice06800 Cagnes-sur-Mer
","
SB AUTO 
","Juin 2013
Assurance auto : Comparez","Break","116
g/km","Diesel","3 mois","83 000
km","4 portes avec hayon","5
places","13 990 €","7
CV","150
Ch","Manuelle",NA,NA,NA
"174","https://www.paruvendu.fr/a/voiture-occasion/peugeot/2008/1229588802A1KVVOPE2M8",0,"Peugeot occasion","2008","","
2 Allée de Chantereine78711 Mantes-la-Ville
","
AUTO MALIN MANTES LA VILLE
","Juin 2018
Assurance auto : Comparez",NA,"97
g/km","Diesel","20 mois","5 770
km","4 portes avec hayon","5
places","17 590 €","5
CV","99
Ch","Manuelle","",NA,NA
"175","https://www.paruvendu.fr/a/voiture-occasion/honda/cr-v/1230017435A1KVVOHOCRV",0,"Honda occasion","CR-V","","
133 avenue de Nice06800 Cagnes-sur-Mer
","
SB AUTO 
","Février 2013
Assurance auto : Comparez","Break","154
g/km","Diesel","3 mois","35 081
km","4 portes avec hayon","5
places","18 490 €","8
CV","150
Ch","Manuelle",NA,NA,NA
"176","https://www.paruvendu.fr/a/voiture-occasion/alfa-romeo/mito/1230017434A1KVVOALMIT",0,"Alfa Romeo occasion","Mito","","
133 avenue de Nice06800 Cagnes-sur-Mer
","
SB AUTO 
","Juillet 2015
Assurance auto : Comparez","Berline","99
g/km","Essence","3 mois","19 980
km","2 portes avec hayon","4
places","11 490 €","5
CV","105
Ch","Manuelle",NA,NA,NA
"177","https://www.paruvendu.fr/a/voiture-occasion/peugeot/2008/1230017433A1KVVOPE2M8",0,"Peugeot occasion","2008","","
2 Allée de Chantereine78711 Mantes-la-Ville
","
AUTO MALIN MANTES LA VILLE
","Juin 2017
Assurance auto : Comparez",NA,"97
g/km","Diesel","12 mois","11 269
km","4 portes avec hayon","5
places","16 490 €","5
CV","99
Ch","Manuelle","",NA,NA
"178","https://www.paruvendu.fr/a/voiture-occasion/hyundai/i30/1230017432A1KVVOHYI30",0,"Hyundai occasion","i30","","
133 avenue de Nice06800 Cagnes-sur-Mer
","
SB AUTO 
","Avril 2013
Assurance auto : Comparez","Berline","139
g/km","Essence","3 mois","29 900
km","4 portes avec hayon","5
places","10 490 €","6
CV","100
Ch","Manuelle",NA,NA,NA
"179","https://www.paruvendu.fr/a/voiture-occasion/hyundai/i30/1230017431A1KVVOHYI30",0,"Hyundai occasion","i30","","
133 avenue de Nice06800 Cagnes-sur-Mer
","
SB AUTO 
","Avril 2015
Assurance auto : Comparez","Berline","115
g/km","Diesel","3 mois","59 980
km","4 portes avec hayon","5
places","11 990 €","6
CV","110
Ch","Semi automatique",NA,NA,NA
"180","https://www.paruvendu.fr/a/voiture-occasion/bmw/serie-1/1230017429A1KVVOBMS1",0,"BMW occasion","Série 1","","
133 avenue de Nice06800 Cagnes-sur-Mer
","
SB AUTO 
","Octobre 2006
Assurance auto : Comparez","Berline","152
g/km","Diesel","3 mois","145 540
km","4 portes avec hayon","5
places","8 990 €","10
CV","163
Ch","Automatique",NA,NA,NA
"181","https://www.paruvendu.fr/a/voiture-occasion/chrysler/grand-voyager/1230017428A1KVVOCHGDV",0,"Chrysler occasion","Grand Voyager","","
133 avenue de Nice06800 Cagnes-sur-Mer
","
SB AUTO 
","Avril 2007
Assurance auto : Comparez","Monospace","225
g/km","Diesel","3 mois","153 000
km","4 portes avec hayon","7
places","6 990 €","10
CV","150
Ch","Automatique",NA,NA,NA
"182","https://www.paruvendu.fr/a/voiture-occasion/ferrari/california/1230017427A1KVVOFECAL",0,"Ferrari occasion","California","","
133 avenue de Nice06800 Cagnes-sur-Mer
","
SB AUTO 
","Octobre 2009
Assurance auto : Comparez","Berline","299
g/km","Essence",NA,"41 359
km","2 portes","4
places","106 990 €","40
CV","460
Ch","Automatique","",NA,NA
"183","https://www.paruvendu.fr/a/voiture-occasion/mercedes/sl/1230017426A1KVVOMESL",0,"Mercedes occasion","SL","","
133 avenue de Nice06800 Cagnes-sur-Mer
","
SB AUTO 
","Septembre 2003
Assurance auto : Comparez","Berline","281
g/km","Essence","3 mois","131 400
km","2 portes",NA,"14 990 €","17
CV","245
Ch","Automatique","",NA,NA
"184","https://www.paruvendu.fr/a/voiture-occasion/chevrolet/corvette/1230017425A1KVVOCVCOR",0,"Chevrolet occasion","Corvette","","
133 avenue de Nice06800 Cagnes-sur-Mer
","
SB AUTO 
","Janvier 1981
Assurance auto : Comparez","Coupé",NA,"Essence",NA,"70 200
km","2 portes",NA,"19 990 €",NA,NA,"Manuelle","",NA,NA
"185","https://www.paruvendu.fr/a/voiture-occasion/bmw/serie-8/1230017424A1KVVOBMS8",0,"BMW occasion","Série 8","","
133 avenue de Nice06800 Cagnes-sur-Mer
","
SB AUTO 
","Janvier 1991
Assurance auto : Comparez","Berline",NA,"Essence","3 mois","153 000
km",NA,NA,"16 990 €",NA,NA,"Automatique","",NA,NA
"186","https://www.paruvendu.fr/a/voiture-occasion/mercedes/classe-c/1230017423A1KVVOMEC",0,"Mercedes occasion","Classe C","","
133 avenue de Nice06800 Cagnes-sur-Mer
","
SB AUTO 
","Juillet 2007
Assurance auto : Comparez","Berline","160
g/km","Diesel","3 mois","93 351
km","4 portes","5
places","11 890 €","10
CV","170
Ch","Manuelle",NA,NA,NA
"187","https://www.paruvendu.fr/a/voiture-occasion/renault/clio-iv/1227432146A1KVVORECL4",0,"Renault occasion","Clio IV","","
456 Rue des Enlumineurs12850 Onet-le-Château
","
DEBARD AUTOMOBILES
","Juin 2018
Assurance auto : Comparez","Berline","118
g/km","Essence",NA,"10
km","4 portes avec hayon","5
places","14 900 €","6
CV","118
Ch","Manuelle","",NA,NA
"188","https://www.paruvendu.fr/a/voiture-occasion/bmw/serie-3/1230017422A1KVVOBMS3",0,"BMW occasion","Série 3","","
133 avenue de Nice06800 Cagnes-sur-Mer
","
SB AUTO 
","Mai 2006
Assurance auto : Comparez","Berline","153
g/km","Diesel",NA,"170 000
km","4 portes","5
places","6 990 €","9
CV","163
Ch","Manuelle","",NA,NA
"189","https://www.paruvendu.fr/a/voiture-occasion/renault/clio-iv/1227432145A1KVVORECL4",0,"Renault occasion","Clio IV","","
456 Rue des Enlumineurs12850 Onet-le-Château
","
DEBARD AUTOMOBILES
","Juin 2018
Assurance auto : Comparez","Berline","118
g/km","Essence",NA,"10
km","4 portes avec hayon","5
places","14 900 €","6
CV","118
Ch","Manuelle","",NA,NA
"190","https://www.paruvendu.fr/a/voiture-occasion/mercedes/classe-e/1230017420A1KVVOMEE",0,"Mercedes occasion","Classe E","","
133 avenue de Nice06800 Cagnes-sur-Mer
","
SB AUTO 
","Décembre 2009
Assurance auto : Comparez",NA,"207
g/km","Diesel",NA,"221 000
km","4 portes","5
places","8 990 €","12
CV","190
Ch","Automatique",NA,NA,NA
"191","https://www.paruvendu.fr/a/voiture-occasion/toyota/rav-4/1230017419A1KVVOTORAV",0,"Toyota occasion","RAV 4","","
133 avenue de Nice06800 Cagnes-sur-Mer
","
SB AUTO 
","Janvier 2010
Assurance auto : Comparez","Break","154
g/km","Diesel","3 mois","85 094
km","4 portes avec hayon","5
places","12 490 €","8
CV","150
Ch","Manuelle",NA,NA,NA
"192","https://www.paruvendu.fr/a/voiture-occasion/opel/zafira/1230017418A1KVVOOPZAF",0,"Opel occasion","Zafira","","
133 avenue de Nice06800 Cagnes-sur-Mer
","
SB AUTO 
","Novembre 2007
Assurance auto : Comparez","Monospace","167
g/km","Diesel","3 mois","132 000
km","4 portes avec hayon","7
places","6 490 €","9
CV","150
Ch","Manuelle",NA,NA,NA
"193","https://www.paruvendu.fr/a/voiture-occasion/renault/clio-iv/1225820739A1KVVORECL4",0,"Renault occasion","Clio IV","","
456 Rue des Enlumineurs12850 Onet-le-Château
","
DEBARD AUTOMOBILES
","Avril 2018
Assurance auto : Comparez","Berline","105
g/km","Essence",NA,"10
km","4 portes avec hayon","5
places","14 290 €","5
CV","90
Ch","Manuelle","",NA,NA
"194","https://www.paruvendu.fr/a/voiture-occasion/mercedes/sl/1230017417A1KVVOMESL",0,"Mercedes occasion","SL","","
133 avenue de Nice06800 Cagnes-sur-Mer
","
SB AUTO 
","Janvier 1986
Assurance auto : Comparez","Berline",NA,"Essence",NA,"168 200
km",NA,NA,"19 990 €",NA,NA,"Automatique",NA,NA,NA
"195","https://www.paruvendu.fr/a/voiture-occasion/volkswagen/touareg/1230017416A1KVVOVWTOG",0,"Volkswagen occasion","Touareg","","
133 avenue de Nice06800 Cagnes-sur-Mer
","
SB AUTO 
","Juillet 2004
Assurance auto : Comparez","Break","265
g/km","Diesel","3 mois","177 645
km","4 portes avec hayon",NA,"8 490 €","12
CV","174
Ch","Manuelle","",NA,NA
"196","https://www.paruvendu.fr/a/voiture-occasion/mini/cooper/1230017415A1KVVOMCCOO",0,"Mini occasion","Cooper","","
133 avenue de Nice06800 Cagnes-sur-Mer
","
SB AUTO 
","Octobre 1993
Assurance auto : Comparez","Berline",NA,"Essence","3 mois","54 600
km",NA,NA,"7 990 €",NA,NA,"Manuelle","",NA,NA
"197","https://www.paruvendu.fr/a/voiture-occasion/renault/clio-iv/1225244868A1KVVORECL4",0,"Renault occasion","Clio IV","","
456 Rue des Enlumineurs12850 Onet-le-Château
","
DEBARD AUTOMOBILES
","Décembre 2017
Assurance auto : Comparez","Break","90
g/km","Diesel",NA,"10
km","4 portes avec hayon","5
places","17 900 €","5
CV","110
Ch","Manuelle","",NA,NA
"198","https://www.paruvendu.fr/a/voiture-occasion/ferrari/f355/1230017414A1KVVOFEF35",0,"Ferrari occasion","F355","","
133 avenue de Nice06800 Cagnes-sur-Mer
","
SB AUTO 
","Mai 1998
Assurance auto : Comparez","Coupé",NA,"Essence","3 mois","89 800
km","2 portes",NA,"59 990 €","20
CV","380
Ch","Manuelle",NA,NA,NA
"199","https://www.paruvendu.fr/a/voiture-occasion/jaguar/s-type/1230017413A1KVVOJATYS",0,"Jaguar occasion","S-Type","","
133 avenue de Nice06800 Cagnes-sur-Mer
","
SB AUTO 
","Octobre 1999
Assurance auto : Comparez","Berline","295
g/km","Essence","3 mois","146 000
km","4 portes",NA,"6 490 €","20
CV","285
Ch","Automatique","",NA,NA
"200","https://www.paruvendu.fr/a/voiture-occasion/porsche/911/1230017412A1KVVOPO911",0,"Porsche occasion","911","","
133 avenue de Nice06800 Cagnes-sur-Mer
","
SB AUTO 
","Septembre 1991
Assurance auto : Comparez","Coupé",NA,"Essence","3 mois","134 320
km","2 portes","4
places","79 990 €","14
CV","320
Ch","Manuelle","",NA,NA
"201","https://www.paruvendu.fr/a/voiture-occasion/land-rover/range-rover/1230017411A1KVVOLRRAN",0,"Land-Rover occasion","Range Rover","","
133 avenue de Nice06800 Cagnes-sur-Mer
","
SB AUTO 
","Décembre 1999
Assurance auto : Comparez","Break",NA,"Essence",NA,"139 800
km","4 portes avec hayon",NA,"8 990 €","18
CV","225
Ch","Automatique","",NA,NA
"202","https://www.paruvendu.fr/a/voiture-occasion/lancia/musa/1230017410A1KVVOLCMUS",0,"Lancia occasion","Musa","","
133 avenue de Nice06800 Cagnes-sur-Mer
","
SB AUTO 
","Juin 2010
Assurance auto : Comparez","Monospace","118
g/km","Diesel","3 mois","71 340
km","4 portes avec hayon","5
places","6 490 €","5
CV","90
Ch","Automatique",NA,NA,NA
"203","https://www.paruvendu.fr/a/voiture-occasion/porsche/911/1230017409A1KVVOPO911",0,"Porsche occasion","911","","
133 avenue de Nice06800 Cagnes-sur-Mer
","
SB AUTO 
","Octobre 2002
Assurance auto : Comparez","Coupé","309
g/km","Essence","3 mois","74 000
km","2 portes","4
places","59 990 €","33
CV","420
Ch","Manuelle",NA,NA,NA
"204","https://www.paruvendu.fr/a/voiture-occasion/chevrolet/camaro/1230017407A1KVVOCVCAM",0,"Chevrolet occasion","Camaro","","
133 avenue de Nice06800 Cagnes-sur-Mer
","
SB AUTO 
","Juin 1967
Assurance auto : Comparez","Berline",NA,"Essence","3 mois","91 061
km",NA,NA,"59 990 €",NA,NA,"Automatique","",NA,NA
"205","https://www.paruvendu.fr/a/voiture-occasion/seat/ibiza/1230017405A1KVVOSEIBI",0,"Seat occasion","Ibiza","","
133 avenue de Nice06800 Cagnes-sur-Mer
","
SB AUTO 
","Février 2011
Assurance auto : Comparez","Berline","124
g/km","Essence","3 mois","67 500
km","4 portes avec hayon","5
places","8 490 €","6
CV","105
Ch","Manuelle",NA,NA,NA
"206","https://www.paruvendu.fr/a/voiture-occasion/opel/astra/1230017404A1KVVOOPAST",0,"Opel occasion","Astra","","
133 avenue de Nice06800 Cagnes-sur-Mer
","
SB AUTO 
","Mai 2017
Assurance auto : Comparez","Berline","117
g/km","Essence",NA,"57 332
km","4 portes avec hayon","5
places","13 890 €","8
CV","150
Ch","Manuelle","",NA,NA
"207","https://www.paruvendu.fr/a/voiture-occasion/audi/a1/1230017403A1KVVOAUA1",0,"Audi occasion","A1","","
133 avenue de Nice06800 Cagnes-sur-Mer
","
SB AUTO 
","Novembre 2010
Assurance auto : Comparez","Berline","122
g/km","Essence","3 mois","110 500
km","2 portes avec hayon","4
places","11 990 €","6
CV","122
Ch","Semi automatique",NA,NA,NA
"208","https://www.paruvendu.fr/a/voiture-occasion/dacia/sandero/1230017402A1KVVODCSAN",0,"Dacia occasion","Sandero","","
133 avenue de Nice06800 Cagnes-sur-Mer
","
SB AUTO 
","Novembre 2011
Assurance auto : Comparez","Berline","104
g/km","Diesel","3 mois","57 900
km","4 portes avec hayon","5
places","7 890 €","4
CV","90
Ch","Manuelle",NA,NA,NA
"209","https://www.paruvendu.fr/a/voiture-occasion/citroen/ds3/1230017400A1KVVOCIDS3",0,"Citroën occasion","DS3","","
133 avenue de Nice06800 Cagnes-sur-Mer
","
SB AUTO 
","Mai 2014
Assurance auto : Comparez","Berline","90
g/km","Diesel","3 mois","43 200
km","2 portes avec hayon","5
places","11 990 €","4
CV","92
Ch","Manuelle",NA,NA,NA
"210","https://www.paruvendu.fr/a/voiture-occasion/renault/clio-iii/1230017399A1KVVORECL3",0,"Renault occasion","Clio III","","
133 avenue de Nice06800 Cagnes-sur-Mer
","
SB AUTO 
","Juillet 2007
Assurance auto : Comparez","Berline","139
g/km","Essence",NA,"221 000
km","2 portes avec hayon","5
places","3 490 €","5
CV","75
Ch","Manuelle","",NA,NA
"211","https://www.paruvendu.fr/a/voiture-occasion/hyundai/coupe/1230017396A1KVVOHYCOU",0,"Hyundai occasion","Coupé","","
133 avenue de Nice06800 Cagnes-sur-Mer
","
SB AUTO 
","Novembre 2000
Assurance auto : Comparez","Coupé","209
g/km","Essence","3 mois","42 100
km","2 portes avec hayon",NA,"8 890 €","9
CV","139
Ch","Manuelle","",NA,NA
"212","https://www.paruvendu.fr/a/voiture-occasion/fiat/500/1230017394A1KVVOFI500",1,NA,NA,NA,NA,NA,NA,NA,NA,NA,NA,NA,NA,NA,NA,NA,NA,NA,NA,NA,NA
"213","https://www.paruvendu.fr/a/voiture-occasion/fiat/500/1230017393A1KVVOFI500",0,"Fiat occasion","500","","
133 avenue de Nice06800 Cagnes-sur-Mer
","
SB AUTO 
","Octobre 2012
Assurance auto : Comparez","Berline","119
g/km","Essence","3 mois","57 500
km","2 portes avec hayon","4
places","7 890 €","4
CV","69
Ch","Manuelle",NA,NA,NA
"214","https://www.paruvendu.fr/a/voiture-occasion/jeep/renegade/1230017392A1KVVOJEREN",1,NA,NA,NA,NA,NA,NA,NA,NA,NA,NA,NA,NA,NA,NA,NA,NA,NA,NA,NA,NA
"215","https://www.paruvendu.fr/a/voiture-occasion/skoda/fabia/1230017391A1KVVOSKFAB",0,"Skoda occasion","Fabia","","
133 avenue de Nice06800 Cagnes-sur-Mer
","
SB AUTO 
","Avril 2014
Assurance auto : Comparez","Berline","128
g/km","Essence","3 mois","41 300
km","4 portes avec hayon","5
places","8 990 €","4
CV","60
Ch","Manuelle",NA,NA,NA
"216","https://www.paruvendu.fr/a/voiture-occasion/land-rover/freelander/1230017390A1KVVOLRFLA",0,"Land-Rover occasion","Freelander","","
133 avenue de Nice06800 Cagnes-sur-Mer
","
SB AUTO 
","Juin 2007
Assurance auto : Comparez","Break","194
g/km","Diesel","3 mois","95 300
km","4 portes avec hayon","5
places","11 990 €","10
CV","160
Ch","Manuelle",NA,NA,NA
"217","https://www.paruvendu.fr/a/voiture-occasion/volkswagen/tiguan/1230017389A1KVVOVWTIG",0,"Volkswagen occasion","Tiguan","","
133 avenue de Nice06800 Cagnes-sur-Mer
","
SB AUTO 
","Juin 2010
Assurance auto : Comparez","Break","165
g/km","Diesel","3 mois","95 800
km","4 portes avec hayon","5
places","13 890 €","10
CV","170
Ch","Manuelle",NA,NA,NA
"218","https://www.paruvendu.fr/a/voiture-occasion/fiat/freemont/1230017388A1KVVOFIFRE",0,"Fiat occasion","Freemont","","
133 avenue de Nice06800 Cagnes-sur-Mer
","
SB AUTO 
","Août 2012
Assurance auto : Comparez","Break","194
g/km","Diesel","3 mois","114 331
km","4 portes avec hayon","7
places","15 890 €","11
CV","170
Ch","Automatique",NA,NA,NA
"219","https://www.paruvendu.fr/a/voiture-occasion/opel/corsa/1230017387A1KVVOOPCOR",0,"Opel occasion","Corsa","","
133 avenue de Nice06800 Cagnes-sur-Mer
","
SB AUTO 
","Octobre 2015
Assurance auto : Comparez","Berline","137
g/km","Essence","3 mois","24 800
km","4 portes avec hayon","5
places","11 890 €","5
CV","90
Ch","Automatique",NA,NA,NA
"220","https://www.paruvendu.fr/a/voiture-occasion/mazda/mazda6/1230017385A1KVVOMA6",0,"Mazda occasion","Mazda6","","
133 avenue de Nice06800 Cagnes-sur-Mer
","
SB AUTO 
","Février 2004
Assurance auto : Comparez","Break","176
g/km","Diesel","3 mois","106 300
km","4 portes avec hayon",NA,"6 890 €","8
CV","136
Ch","Manuelle","",NA,NA
"221","https://www.paruvendu.fr/a/voiture-occasion/volkswagen/golf/1230017386A1KVVOVWGOL",0,"Volkswagen occasion","Golf","","
133 avenue de Nice06800 Cagnes-sur-Mer
","
SB AUTO 
","Avril 2011
Assurance auto : Comparez","Berline","138
g/km","Essence","3 mois","88 300
km","4 portes avec hayon","5
places","11 890 €","7
CV","122
Ch","Semi automatique",NA,NA,NA
"222","https://www.paruvendu.fr/a/voiture-occasion/ford/focus/1230017384A1KVVOFOFOC",0,"Ford occasion","Focus","","
192 Chaussée Jules César95250 Beauchamp
","
AUTO OCCASION PASTEUR
","Août 2011
Assurance auto : Comparez","Berline","109
g/km","Diesel","12 mois","86 285
km","4 portes avec hayon","5
places","8 990 €","5
CV","95
Ch","Manuelle",NA,NA,NA
"223","https://www.paruvendu.fr/a/voiture-occasion/bmw/serie-1/1230017383A1KVVOBMS1",0,"BMW occasion","Série 1","","
133 avenue de Nice06800 Cagnes-sur-Mer
","
SB AUTO 
","Décembre 2009
Assurance auto : Comparez","Berline","153
g/km","Essence","3 mois","109 500
km","2 portes","4
places","12 890 €","8
CV","143
Ch","Manuelle",NA,NA,NA
"224","https://www.paruvendu.fr/a/voiture-occasion/audi/allroad/1230017382A1KVVOAUALR",0,"Audi occasion","Allroad","","
133 avenue de Nice06800 Cagnes-sur-Mer
","
SB AUTO 
","Juillet 2011
Assurance auto : Comparez","Break","189
g/km","Diesel","3 mois","86 200
km","4 portes avec hayon","5
places","21 990 €","15
CV","240
Ch","Semi automatique",NA,NA,NA
"225","https://www.paruvendu.fr/a/voiture-occasion/volkswagen/golf/1230017381A1KVVOVWGOL",0,"Volkswagen occasion","Golf","","
133 avenue de Nice06800 Cagnes-sur-Mer
","
SB AUTO 
","Janvier 2014
Assurance auto : Comparez","Berline","139
g/km","Essence","3 mois","51 400
km","2 portes avec hayon","5
places","21 990 €","13
CV","230
Ch","Manuelle",NA,NA,NA
"226","https://www.paruvendu.fr/a/voiture-occasion/mercedes/classe-e/1230017380A1KVVOMEE",0,"Mercedes occasion","Classe E","","
133 avenue de Nice06800 Cagnes-sur-Mer
","
SB AUTO 
","Octobre 2009
Assurance auto : Comparez","Coupé","154
g/km","Diesel","3 mois","81 500
km","2 portes","4
places","16 490 €","12
CV","204
Ch","Automatique",NA,NA,NA
"227","https://www.paruvendu.fr/a/voiture-occasion/nissan/juke/1230017379A1KVVONIJUK",0,"Nissan occasion","Juke","","
133 avenue de Nice06800 Cagnes-sur-Mer
","
SB AUTO 
","Novembre 2011
Assurance auto : Comparez","Break","129
g/km","Diesel","3 mois","99 950
km","4 portes avec hayon","5
places","8 990 €","6
CV","110
Ch","Manuelle",NA,NA,NA
"228","https://www.paruvendu.fr/a/voiture-occasion/hyundai/ix35/1230017378A1KVVOHYIX3",0,"Hyundai occasion","iX35","","
133 avenue de Nice06800 Cagnes-sur-Mer
","
SB AUTO 
","Juillet 2013
Assurance auto : Comparez","Break","145
g/km","Diesel","3 mois","125 000
km","4 portes avec hayon","5
places","12 990 €","8
CV","136
Ch","Manuelle",NA,NA,NA
"229","https://www.paruvendu.fr/a/voiture-occasion/mercedes/classe-c/1230017377A1KVVOMEC",0,"Mercedes occasion","Classe C","","
133 avenue de Nice06800 Cagnes-sur-Mer
","
SB AUTO 
","Mars 2008
Assurance auto : Comparez","Berline","173
g/km","Diesel",NA,"142 000
km","4 portes","5
places","10 490 €","10
CV","170
Ch","Automatique","",NA,NA
"230","https://www.paruvendu.fr/a/voiture-occasion/bmw/x6/1230017376A1KVVOBMX6",0,"BMW occasion","X6","","
133 avenue de Nice06800 Cagnes-sur-Mer
","
SB AUTO 
","Juillet 2009
Assurance auto : Comparez","Break","220
g/km","Diesel","3 mois","119 000
km","4 portes avec hayon","4
places","25 990 €","19
CV","286
Ch","Automatique",NA,NA,NA
"231","https://www.paruvendu.fr/a/voiture-occasion/bmw/serie-1/1230017375A1KVVOBMS1",0,"BMW occasion","Série 1","","
133 avenue de Nice06800 Cagnes-sur-Mer
","
SB AUTO 
","Janvier 2009
Assurance auto : Comparez","Berline","134
g/km","Diesel","3 mois","186 000
km","2 portes","4
places","9 490 €","10
CV","177
Ch","Manuelle",NA,NA,NA
"232","https://www.paruvendu.fr/a/voiture-occasion/volkswagen/golf/1230017371A1KVVOVWGOL",0,"Volkswagen occasion","Golf","","
133 avenue de Nice06800 Cagnes-sur-Mer
","
SB AUTO 
","Décembre 2016
Assurance auto : Comparez","Berline","99
g/km","Diesel",NA,"76 124
km","4 portes avec hayon","5
places","14 990 €","5
CV","110
Ch","Manuelle","",NA,NA
"233","https://www.paruvendu.fr/a/voiture-occasion/peugeot/3008/1230017372A1KVVOPE3M8",0,"Peugeot occasion","3008","","
1 A Rue Emile Mathis67800 Hoenheim
","
 GRAND EST AUTOMOBILES PEUGEOT
","Octobre 2015
Assurance auto : Comparez","Break","125
g/km","Diesel","PREMIUM 12 mois","54 709
km","4 portes avec hayon","5
places","15 789 €","6
CV","115
Ch","Manuelle",NA,NA,NA
"234","https://www.paruvendu.fr/a/voiture-occasion/renault/kadjar/1228995618A1KVVOREKAD",0,"Renault occasion","Kadjar","","
1500, av maréchal juin30900 Nimes
","
RENAULT NIMES
","Décembre 2017
Assurance auto : Comparez","Berline","99
g/km","Diesel","12 mois","10
km","4 portes avec hayon","5
places","22 300 €","5
CV",NA,"Manuelle","","Première main","3.8
litres / 100 km"
"235","https://www.paruvendu.fr/a/voiture-occasion/porsche/panamera/1230017370A1KVVOPOPAN",0,"Porsche occasion","Panamera","","
133 avenue de Nice06800 Cagnes-sur-Mer
","
SB AUTO 
","Mars 2014
Assurance auto : Comparez","Berline","169
g/km","Diesel","3 mois","88 700
km","4 portes avec hayon","4
places","54 990 €","19
CV","300
Ch","Automatique",NA,NA,NA
"236","https://www.paruvendu.fr/a/voiture-occasion/mercedes/classe-e/1230017368A1KVVOMEE",0,"Mercedes occasion","Classe E","","
133 avenue de Nice06800 Cagnes-sur-Mer
","
SB AUTO 
","Janvier 2005
Assurance auto : Comparez","Berline","183
g/km","Diesel","3 mois","169 890
km","4 portes","5
places","9 490 €","12
CV","204
Ch","Automatique",NA,NA,NA
"237","https://www.paruvendu.fr/a/voiture-occasion/peugeot/3008/1230017369A1KVVOPE3M8",0,"Peugeot occasion","3008","","
1 A Rue Emile Mathis67800 Hoenheim
","
 GRAND EST AUTOMOBILES PEUGEOT
","Février 2018
Assurance auto : Comparez","Break","124
g/km","Diesel","PREMIUM 12 mois","23 838
km","4 portes avec hayon","5
places","35 789 €","10
CV","181
Ch","Automatique",NA,NA,NA
"238","https://www.paruvendu.fr/a/voiture-occasion/renault/clio/1230017367A1KVVORECLI",0,"Renault occasion","Clio","","
1500, av maréchal juin30900 Nimes
","
RENAULT NIMES
","Décembre 2017
Assurance auto : Comparez","Berline","85
g/km","Diesel","12 mois","10
km","4 portes avec hayon","5
places","15 890 €","4
CV",NA,"Manuelle",NA,NA,"3.3
litres / 100 km"
"239","https://www.paruvendu.fr/a/voiture-occasion/renault/clio-iv/1230017366A1KVVORECL4",0,"Renault occasion","Clio IV","","
133 avenue de Nice06800 Cagnes-sur-Mer
","
SB AUTO 
","Décembre 2016
Assurance auto : Comparez","Berline","90
g/km","Diesel",NA,"16 554
km","4 portes avec hayon","5
places","14 490 €","5
CV","110
Ch","Manuelle","",NA,NA
"240","https://www.paruvendu.fr/a/voiture-occasion/renault/captur/1228820671A1KVVORECAP",0,"Renault occasion","Captur","","
1500, av maréchal juin30900 Nimes
","
RENAULT NIMES
","Décembre 2017
Assurance auto : Comparez","4x4 - SUV","95
g/km","Diesel","12 mois","10
km","4 portes avec hayon","5
places","16 290 €","4
CV",NA,"Manuelle",NA,NA,"3.6
litres / 100 km"
"241","https://www.paruvendu.fr/a/voiture-occasion/opel/meriva/1230017364A1KVVOOPMER",0,"Opel occasion","Meriva","","
133 avenue de Nice06800 Cagnes-sur-Mer
","
SB AUTO 
","Novembre 2015
Assurance auto : Comparez","Monospace","127
g/km","Essence","3 mois","82 751
km","4 portes avec hayon","5
places","8 490 €","6
CV","120
Ch","Manuelle",NA,NA,NA
"242","https://www.paruvendu.fr/a/voiture-occasion/renault/clio-iv/1230017365A1KVVORECL4",0,"Renault occasion","Clio IV","","
133 avenue de Nice06800 Cagnes-sur-Mer
","
SB AUTO 
","Février 2016
Assurance auto : Comparez","Berline","82
g/km","Diesel","3 mois","73 427
km","4 portes avec hayon","5
places","9 490 €","4
CV","90
Ch","Manuelle",NA,NA,NA
"243","https://www.paruvendu.fr/a/voiture-occasion/renault/scenic/1228696685A1KVVORESCE",0,"Renault occasion","Scénic","","
1500, av maréchal juin30900 Nimes
","
RENAULT NIMES
","Décembre 2017
Assurance auto : Comparez","Monospace",NA,"Diesel","12 mois","10
km","4 portes avec hayon",NA,"19 990 €","5
CV",NA,"Manuelle","",NA,NA
"244","https://www.paruvendu.fr/a/voiture-occasion/renault/captur/1230017363A1KVVORECAP",0,"Renault occasion","Captur","","
133 avenue de Nice06800 Cagnes-sur-Mer
","
SB AUTO 
","Février 2017
Assurance auto : Comparez","Break","113
g/km","Essence",NA,"48 628
km","4 portes avec hayon","5
places","12 990 €","5
CV","90
Ch","Manuelle","",NA,NA
"245","https://www.paruvendu.fr/a/voiture-occasion/peugeot/208/1230017362A1KVVOPE208",0,"Peugeot occasion","208","","
1 A Rue Emile Mathis67800 Hoenheim
","
 GRAND EST AUTOMOBILES PEUGEOT
","Septembre 2018
Assurance auto : Comparez","Berline","104
g/km","Essence","PREMIUM 24 mois","161
km","4 portes avec hayon","5
places","17 889 €","5
CV","110
Ch","Automatique",NA,NA,NA
"246","https://www.paruvendu.fr/a/voiture-occasion/renault/grand-scenic-ii/1229152368A1KVVOREGSE",0,"Renault occasion","Grand Scénic II","","
1500, av maréchal juin30900 Nimes
","
RENAULT NIMES
","Décembre 2017
Assurance auto : Comparez","Monospace","104
g/km","Diesel","12 mois","10
km","4 portes avec hayon","7
places","21 490 €","5
CV",NA,"Manuelle",NA,NA,"4.0
litres / 100 km"
"247","https://www.paruvendu.fr/a/voiture-occasion/opel/corsa/1230017361A1KVVOOPCOR",0,"Opel occasion","Corsa","","
133 avenue de Nice06800 Cagnes-sur-Mer
","
SB AUTO 
","Janvier 2017
Assurance auto : Comparez","Berline","120
g/km","Essence",NA,"46 031
km","4 portes avec hayon","5
places","8 890 €","5
CV","90
Ch","Manuelle","",NA,NA
"248","https://www.paruvendu.fr/a/voiture-occasion/renault/grand-scenic-ii/1229152367A1KVVOREGSE",0,"Renault occasion","Grand Scénic II","","
1500, av maréchal juin30900 Nimes
","
RENAULT NIMES
","Décembre 2017
Assurance auto : Comparez","Monospace","104
g/km","Diesel","12 mois","10
km","4 portes avec hayon","7
places","21 490 €","5
CV",NA,"Manuelle",NA,NA,"4.0
litres / 100 km"
"249","https://www.paruvendu.fr/a/voiture-occasion/renault/scenic/1229152366A1KVVORESCE",0,"Renault occasion","Scénic","","
1500, av maréchal juin30900 Nimes
","
RENAULT NIMES
","Décembre 2017
Assurance auto : Comparez","Monospace",NA,"Diesel","12 mois","10
km","4 portes avec hayon",NA,"19 990 €","5
CV",NA,"Manuelle","",NA,NA
"250","https://www.paruvendu.fr/a/voiture-occasion/kia/sportage/1230017360A1KVVOKISPO",0,"Kia occasion","Sportage","","
133 avenue de Nice06800 Cagnes-sur-Mer
","
SB AUTO 
","Juin 2005
Assurance auto : Comparez","Break","187
g/km","Diesel","3 mois","78 000
km","4 portes avec hayon","5
places","7 990 €","7
CV","112
Ch","Manuelle",NA,NA,NA
"251","https://www.paruvendu.fr/a/voiture-occasion/peugeot/308-sw/1228898082A1KVVOPE8SW",0,"Peugeot occasion","308 SW","","
1 A Rue Emile Mathis67800 Hoenheim
","
 GRAND EST AUTOMOBILES PEUGEOT
","Décembre 2014
Assurance auto : Comparez","Break","95
g/km","Diesel","PREMIUM 12 mois","99 814
km","4 portes avec hayon","5
places","11 999 €","5
CV","115
Ch","Manuelle",NA,NA,NA
